{
"type": "FeatureCollection",
"name": "lagos_lgas",
"crs": { "type": "name", "properties": { "name": "urn:ogc:def:crs:OGC:1.3:CRS84" } },
"features": [
{ "type": "Feature", "properties": { "NAME_1": "Lagos", "NAME_2": "Agege" }, "geometry": { "type": "Polygon", "coordinates": [ [ [ 3.332283973693848, 6.648791790008602 ], [ 3.331082105636654, 6.647628784179688 ], [ 3.330132007598934, 6.646031856536979 ], [ 3.328931093216056, 6.643056869506893 ], [ 3.328865051269588, 6.63890886306757 ], [ 3.328846931457576, 6.637757778167838 ], [ 3.328347921371574, 6.635463237762508 ], [ 3.32785701751709, 6.633627891540471 ], [ 3.327342033386174, 6.630410194397086 ], [ 3.327285051345939, 6.626956939697322 ], [ 3.326539993286246, 6.623510837554988 ], [ 3.325113058090324, 6.621002197265682 ], [ 3.322103023529166, 6.620131015777702 ], [ 3.31771993637085, 6.620203971862793 ], [ 3.313811063766593, 6.620963096618709 ], [ 3.311511993408317, 6.621461868286246 ], [ 3.308751106262207, 6.621971130371207 ], [ 3.303904056549186, 6.621822834015006 ], [ 3.301352977752799, 6.620390892028865 ], [ 3.300661087036133, 6.620955944061222 ], [ 3.29883003234869, 6.621907234192008 ], [ 3.29654693603527, 6.62332916259777 ], [ 3.294020891189632, 6.624063014984074 ], [ 3.292649030685482, 6.624775886535758 ], [ 3.290610074996948, 6.627117156982422 ], [ 3.289520025253353, 6.631052970886174 ], [ 3.289371967315674, 6.636124134063778 ], [ 3.287877082824821, 6.643521785736141 ], [ 3.287240982055778, 6.646990776062069 ], [ 3.286653041839656, 6.653451919555721 ], [ 3.287918090820426, 6.660342216491756 ], [ 3.288070917129517, 6.669786930084285 ], [ 3.28961110115057, 6.672671794891414 ], [ 3.29404711723339, 6.6683030128479 ], [ 3.297220945358333, 6.665023803710994 ], [ 3.299498081207275, 6.663140773773307 ], [ 3.303148984909114, 6.660775184631348 ], [ 3.307014942169189, 6.657254219055176 ], [ 3.310846090316886, 6.65165901184082 ], [ 3.3147070407868, 6.647906780243034 ], [ 3.317653894424552, 6.644631862640495 ], [ 3.32316899299633, 6.64338493347168 ], [ 3.328299999237004, 6.646753787994498 ], [ 3.33202600479126, 6.648996829986629 ], [ 3.332283973693848, 6.648791790008602 ] ] ] } },
{ "type": "Feature", "properties": { "NAME_1": "Lagos", "NAME_2": "Ajeromi/Ifelodun" }, "geometry": { "type": "Polygon", "coordinates": [ [ [ 3.322557926178035, 6.446716785430908 ], [ 3.321382045745906, 6.447329998016357 ], [ 3.317965984344482, 6.45015382766735 ], [ 3.316605091095028, 6.451557159423942 ], [ 3.314095973968506, 6.45321178436285 ], [ 3.312277078628597, 6.454857826232967 ], [ 3.310720920562858, 6.458570003509635 ], [ 3.308936119079533, 6.462287902832088 ], [ 3.308080911636409, 6.466448783874455 ], [ 3.307418107986564, 6.468301773071403 ], [ 3.306322097778434, 6.471779823303223 ], [ 3.306376934051571, 6.475234985351619 ], [ 3.307024002075252, 6.477795124054069 ], [ 3.308276891708374, 6.478659152984619 ], [ 3.310146093368473, 6.480010032653865 ], [ 3.3143310546875, 6.482010841369743 ], [ 3.3164160251618, 6.482667922973633 ], [ 3.318496942520255, 6.482863903045597 ], [ 3.322423934936637, 6.483257770538387 ], [ 3.326337099075317, 6.482730865478516 ], [ 3.328849077224731, 6.481074810028076 ], [ 3.332499980926571, 6.47870922088623 ], [ 3.334553956985474, 6.477291107177848 ], [ 3.338913917541618, 6.475834846496696 ], [ 3.339992046356315, 6.471208095550594 ], [ 3.340159893035946, 6.467288017273006 ], [ 3.341968059539795, 6.464953899383602 ], [ 3.342852115631217, 6.46263408660883 ], [ 3.343956947326717, 6.459620952606258 ], [ 3.344618082046622, 6.457766056060734 ], [ 3.344822883606014, 6.456150054931754 ], [ 3.34365892410284, 6.455478191375846 ], [ 3.342958927154598, 6.455029010772762 ], [ 3.339720010757446, 6.454392910003719 ], [ 3.335791110992488, 6.45399808883667 ], [ 3.333708047866935, 6.45357179641735 ], [ 3.331623077392578, 6.452916145324821 ], [ 3.329762935638541, 6.452026844024658 ], [ 3.327656984329224, 6.450216770172233 ], [ 3.324856042861995, 6.448191165924186 ], [ 3.322557926178035, 6.446716785430908 ] ] ] } },
{ "type": "Feature", "properties": { "NAME_1": "Lagos", "NAME_2": "Alimosho" }, "geometry": { "type": "Polygon", "coordinates": [ [ [ 3.288831949234066, 6.585453987121639 ], [ 3.286003112793026, 6.584797859191895 ], [ 3.282968044281006, 6.582543849945068 ], [ 3.280159950256461, 6.580057144165153 ], [ 3.278263092041072, 6.576863765716553 ], [ 3.277482032775993, 6.571347236633414 ], [ 3.277467966079769, 6.570425987243709 ], [ 3.277139902114925, 6.564441204071045 ], [ 3.277093887329215, 6.561676025390682 ], [ 3.277504920959416, 6.558444023132324 ], [ 3.277415990829525, 6.552915096283016 ], [ 3.277581930160579, 6.548995018005371 ], [ 3.277477025985831, 6.542544841766414 ], [ 3.277175903320369, 6.53817081451416 ], [ 3.276382923126278, 6.531964778900203 ], [ 3.276349067688045, 6.529891014099121 ], [ 3.275122880935726, 6.525302886962947 ], [ 3.274561882019043, 6.524405002594108 ], [ 3.273267984390372, 6.524641990661678 ], [ 3.269563913345451, 6.524015903473014 ], [ 3.265633106231689, 6.523390769958439 ], [ 3.261933088302669, 6.522761821746883 ], [ 3.256170034408683, 6.523089885711727 ], [ 3.2497239112854, 6.523890018463248 ], [ 3.243746042251644, 6.525144100189323 ], [ 3.239595890045223, 6.525211811065731 ], [ 3.234292030334529, 6.525302886962947 ], [ 3.231057882309017, 6.525129795074577 ], [ 3.224124908447379, 6.524322986602783 ], [ 3.217199087143001, 6.523979187011662 ], [ 3.215816974639949, 6.523575782775993 ], [ 3.213515996933097, 6.524503231048641 ], [ 3.211920022964478, 6.525683879852238 ], [ 3.210119962692261, 6.528478145599422 ], [ 3.206037998199463, 6.532694816589355 ], [ 3.202598094940299, 6.534136772155875 ], [ 3.197351932525635, 6.53767919540411 ], [ 3.193958044052238, 6.541885852813721 ], [ 3.191704034805241, 6.545149803161621 ], [ 3.188292026519775, 6.548203945159912 ], [ 3.186444044113159, 6.549664974212703 ], [ 3.187859058380184, 6.555570125579891 ], [ 3.190009117126522, 6.560149192810172 ], [ 3.189369916915894, 6.56338977813715 ], [ 3.189908027648926, 6.56822586059576 ], [ 3.189733028411979, 6.571688175201416 ], [ 3.189770936965942, 6.573995113372746 ], [ 3.190273046493587, 6.576521873474178 ], [ 3.190577983856258, 6.581132888794002 ], [ 3.191076993942318, 6.58343076705944 ], [ 3.191813945770377, 6.58618783950817 ], [ 3.191873073577938, 6.589878082275334 ], [ 3.192852973938045, 6.59332180023199 ], [ 3.193129062652645, 6.596084117889461 ], [ 3.194092988967952, 6.598605155944938 ], [ 3.195291996002197, 6.601354122161922 ], [ 3.197621107101554, 6.602697849273738 ], [ 3.198791980743522, 6.603833198547306 ], [ 3.20252799987793, 6.606306076049918 ], [ 3.206028938293571, 6.608552932739258 ], [ 3.209058046340942, 6.610346794128475 ], [ 3.212318897247428, 6.612135887145996 ], [ 3.216515064239616, 6.614604949951229 ], [ 3.219342947006339, 6.618247032165527 ], [ 3.222151041030997, 6.620504856109733 ], [ 3.225656032562313, 6.623215198516959 ], [ 3.22683691978466, 6.624807834625244 ], [ 3.228013038635311, 6.626173019409123 ], [ 3.228965997695923, 6.628001213073674 ], [ 3.229948043823185, 6.631678104400748 ], [ 3.230231046676693, 6.634902954101619 ], [ 3.230746030807609, 6.638123035431022 ], [ 3.231498003006095, 6.641800880432186 ], [ 3.231782913208008, 6.645256996154899 ], [ 3.230923891067448, 6.649192810058651 ], [ 3.230268955230713, 6.651511192321891 ], [ 3.231496095657292, 6.65610504150402 ], [ 3.230501890182552, 6.666041851043815 ], [ 3.232892990112362, 6.671076774597282 ], [ 3.235979080200195, 6.676330089569092 ], [ 3.238356113433895, 6.680672168731803 ], [ 3.24121809005743, 6.686392784118709 ], [ 3.244066953659171, 6.691187858581543 ], [ 3.245965957641658, 6.694386005401611 ], [ 3.248344898223934, 6.698727130889893 ], [ 3.250251054763794, 6.702384948730469 ], [ 3.251667976379338, 6.705109119415283 ], [ 3.258270978927669, 6.69563722610485 ], [ 3.258218050003109, 6.692411899566764 ], [ 3.263617992401237, 6.684024810791072 ], [ 3.266144990921021, 6.683292865753174 ], [ 3.267282962799186, 6.682352066040039 ], [ 3.268189907074031, 6.681415081024227 ], [ 3.27138090133667, 6.679056167602653 ], [ 3.272964954376334, 6.67718505859375 ], [ 3.274327039718628, 6.675780773162899 ], [ 3.27708292007452, 6.675043106079215 ], [ 3.280303001403922, 6.674524784088192 ], [ 3.283756017684993, 6.674007892608699 ], [ 3.289047956466788, 6.673225879669303 ], [ 3.28961110115057, 6.672671794891414 ], [ 3.288070917129517, 6.669786930084285 ], [ 3.287918090820426, 6.660342216491756 ], [ 3.286653041839656, 6.653451919555721 ], [ 3.287240982055778, 6.646990776062069 ], [ 3.287877082824821, 6.643521785736141 ], [ 3.289371967315674, 6.636124134063778 ], [ 3.289520025253353, 6.631052970886174 ], [ 3.290610074996948, 6.627117156982422 ], [ 3.292649030685482, 6.624775886535758 ], [ 3.294020891189632, 6.624063014984074 ], [ 3.29654693603527, 6.62332916259777 ], [ 3.29883003234869, 6.621907234192008 ], [ 3.300661087036133, 6.620955944061222 ], [ 3.301352977752799, 6.620390892028865 ], [ 3.301111936569328, 6.620256900787467 ], [ 3.299211025238037, 6.616830825805721 ], [ 3.297764062881527, 6.612940788268986 ], [ 3.295624017715568, 6.609058856964054 ], [ 3.293020963668937, 6.604955196380615 ], [ 3.289714097976741, 6.600172996521053 ], [ 3.28851509094244, 6.597428798675594 ], [ 3.288225889205933, 6.593746185302734 ], [ 3.287954092025814, 6.591216087341365 ], [ 3.28879094123846, 6.585900783538932 ], [ 3.288831949234066, 6.585453987121639 ] ] ] } },
{ "type": "Feature", "properties": { "NAME_1": "Lagos", "NAME_2": "Amuwo Odofin" }, "geometry": { "type": "Polygon", "coordinates": [ [ [ 3.185431957244987, 6.403749942779655 ], [ 3.185544013977051, 6.406772136688289 ], [ 3.185570955276603, 6.408386230468864 ], [ 3.185913085937614, 6.415291786193791 ], [ 3.185978889465389, 6.419439792633113 ], [ 3.18488693237299, 6.423145771026611 ], [ 3.184927940368766, 6.425677776336727 ], [ 3.184989929199219, 6.429593086242733 ], [ 3.184586048126278, 6.433057785034237 ], [ 3.18583989143383, 6.439257144927922 ], [ 3.18657207489008, 6.441780090331974 ], [ 3.190107107162532, 6.44632720947277 ], [ 3.194056034088248, 6.448104858398438 ], [ 3.19777607917797, 6.449884891510123 ], [ 3.201493024826163, 6.451434135437012 ], [ 3.204508066177482, 6.452535152435303 ], [ 3.209198951721305, 6.457293987274227 ], [ 3.210593938827571, 6.457962036132926 ], [ 3.212332963943481, 6.465535163879508 ], [ 3.212836027145443, 6.468293190002555 ], [ 3.213603973388729, 6.472887992859 ], [ 3.214375019073486, 6.477715015411491 ], [ 3.214428901672477, 6.481170177459717 ], [ 3.214720964431876, 6.48485279083252 ], [ 3.214723110198975, 6.485081195831242 ], [ 3.214981079101562, 6.486690044403133 ], [ 3.215991020202637, 6.491972923278809 ], [ 3.216294050216675, 6.496576786041317 ], [ 3.217509031295833, 6.500242233276481 ], [ 3.218760013580322, 6.506443977356014 ], [ 3.220480918884277, 6.512864112854061 ], [ 3.219187974929923, 6.518645763397274 ], [ 3.217185020446721, 6.523057937622184 ], [ 3.21649694442749, 6.523300170898494 ], [ 3.215816974639949, 6.523575782775993 ], [ 3.217199087143001, 6.523979187011662 ], [ 3.224124908447379, 6.524322986602783 ], [ 3.231057882309017, 6.525129795074577 ], [ 3.234292030334529, 6.525302886962947 ], [ 3.239595890045223, 6.525211811065731 ], [ 3.243746042251644, 6.525144100189323 ], [ 3.2497239112854, 6.523890018463248 ], [ 3.256170034408683, 6.523089885711727 ], [ 3.261933088302669, 6.522761821746883 ], [ 3.265633106231689, 6.523390769958439 ], [ 3.269563913345451, 6.524015903473014 ], [ 3.273267984390372, 6.524641990661678 ], [ 3.274561882019043, 6.524405002594108 ], [ 3.275326013565177, 6.523687839508057 ], [ 3.276246070861873, 6.523440837860107 ], [ 3.279439926147518, 6.521313190460319 ], [ 3.283822059631348, 6.521236896514949 ], [ 3.288937091827336, 6.523687839508057 ], [ 3.29495096206665, 6.524737834930363 ], [ 3.301208019256705, 6.526474952697868 ], [ 3.308396100997925, 6.528657913208008 ], [ 3.311448097229118, 6.528478145599422 ], [ 3.310667991638184, 6.526543140411491 ], [ 3.309710979461613, 6.524487972259578 ], [ 3.30897498130804, 6.521734237670955 ], [ 3.308687925338802, 6.518283843994197 ], [ 3.307960987091064, 6.5159912109375 ], [ 3.308597087860107, 6.512524127960319 ], [ 3.30878305435192, 6.509984970092887 ], [ 3.309663057327271, 6.507206916809139 ], [ 3.309636116027946, 6.505592823028508 ], [ 3.310039043426627, 6.501901149749813 ], [ 3.310458898544368, 6.499358177185002 ], [ 3.311794042587337, 6.496339797973746 ], [ 3.311290025711116, 6.49381494522089 ], [ 3.310319900512809, 6.490836143493652 ], [ 3.309529066085872, 6.484628200530949 ], [ 3.308568954467773, 6.482338905334529 ], [ 3.307363986968994, 6.479135036468506 ], [ 3.307024002075252, 6.477795124054069 ], [ 3.306376934051571, 6.475234985351619 ], [ 3.306322097778434, 6.471779823303223 ], [ 3.307418107986564, 6.468301773071403 ], [ 3.308080911636409, 6.466448783874455 ], [ 3.308936119079533, 6.462287902832088 ], [ 3.310720920562858, 6.458570003509635 ], [ 3.312277078628597, 6.454857826232967 ], [ 3.314095973968506, 6.45321178436285 ], [ 3.316605091095028, 6.451557159423942 ], [ 3.317965984344482, 6.45015382766735 ], [ 3.321382045745906, 6.447329998016357 ], [ 3.322557926178035, 6.446716785430908 ], [ 3.323210000991935, 6.446376800537166 ], [ 3.324338912963981, 6.444745063781852 ], [ 3.325896978378296, 6.441263198852539 ], [ 3.326320886611938, 6.438951969146785 ], [ 3.326960086822567, 6.435715198516903 ], [ 3.328051090240479, 6.431778907775936 ], [ 3.328016996383667, 6.429705142974967 ], [ 3.329576015472469, 6.426222801208553 ], [ 3.330229997634945, 6.42390680313116 ], [ 3.330225944519043, 6.423676967620906 ], [ 3.330212116241512, 6.422756195068473 ], [ 3.330858945846671, 6.419980049133301 ], [ 3.334343910217228, 6.421532154083252 ], [ 3.337553024291992, 6.420326232910213 ], [ 3.341923952102775, 6.419562816619873 ], [ 3.348191976547355, 6.421989917755241 ], [ 3.351659059524479, 6.422390937805289 ], [ 3.355571985244808, 6.421864986419735 ], [ 3.359242916107235, 6.420651912689209 ], [ 3.36084604263317, 6.419933795929012 ], [ 3.363785982131958, 6.416196823120117 ], [ 3.366496086120605, 6.412693977356071 ], [ 3.368520021438655, 6.409433841705379 ], [ 3.369194030761832, 6.398749828338566 ], [ 3.369028091430778, 6.398749828338566 ], [ 3.369028091430778, 6.399027824401912 ], [ 3.368472099304256, 6.399027824401912 ], [ 3.368472099304256, 6.399583816528377 ], [ 3.366250038146973, 6.399583816528377 ], [ 3.366250038146973, 6.399861812591553 ], [ 3.364583015441838, 6.399861812591553 ], [ 3.364583015441838, 6.400137901306266 ], [ 3.362082958221436, 6.400137901306266 ], [ 3.362082958221436, 6.399861812591553 ], [ 3.360416889190788, 6.399861812591553 ], [ 3.360416889190788, 6.400693893432731 ], [ 3.358195066452026, 6.400693893432731 ], [ 3.358195066452026, 6.400971889495906 ], [ 3.356251001358032, 6.400971889495906 ], [ 3.356251001358032, 6.401249885559196 ], [ 3.354583024978638, 6.401249885559196 ], [ 3.354583024978638, 6.400693893432731 ], [ 3.352638959884644, 6.400693893432731 ], [ 3.352638959884644, 6.401527881622371 ], [ 3.352082014083862, 6.401527881622371 ], [ 3.352082014083862, 6.401805877685661 ], [ 3.349584102630729, 6.401805877685661 ], [ 3.349584102630729, 6.401527881622371 ], [ 3.348472118377799, 6.401527881622371 ], [ 3.348472118377799, 6.401805877685661 ], [ 3.347915887832585, 6.401805877685661 ], [ 3.347915887832585, 6.401527881622371 ], [ 3.346806049346981, 6.401527881622371 ], [ 3.346806049346981, 6.402083873748836 ], [ 3.345416069030875, 6.402083873748836 ], [ 3.345416069030875, 6.401805877685661 ], [ 3.342639923095703, 6.401805877685661 ], [ 3.342639923095703, 6.402083873748836 ], [ 3.342361927032528, 6.402083873748836 ], [ 3.342361927032528, 6.401805877685661 ], [ 3.341805934906063, 6.401805877685661 ], [ 3.341805934906063, 6.402083873748836 ], [ 3.340693950653133, 6.402083873748836 ], [ 3.340693950653133, 6.402359962463379 ], [ 3.340140104293937, 6.402359962463379 ], [ 3.340140104293937, 6.402083873748836 ], [ 3.339584112167472, 6.402083873748836 ], [ 3.339584112167472, 6.402359962463379 ], [ 3.339306116104126, 6.402359962463379 ], [ 3.339306116104126, 6.40319395065319 ], [ 3.337640047073307, 6.40319395065319 ], [ 3.337640047073307, 6.402915954589844 ], [ 3.337361097335872, 6.402915954589844 ], [ 3.337361097335872, 6.402637958526725 ], [ 3.336527109146061, 6.402637958526725 ], [ 3.336527109146061, 6.402915954589844 ], [ 3.336249113082943, 6.402915954589844 ], [ 3.336249113082943, 6.402637958526725 ], [ 3.335971117019596, 6.402637958526725 ], [ 3.335971117019596, 6.402359962463379 ], [ 3.335139036178589, 6.402359962463379 ], [ 3.335139036178589, 6.402637958526725 ], [ 3.334861040115413, 6.402637958526725 ], [ 3.334861040115413, 6.40319395065319 ], [ 3.334583044052124, 6.40319395065319 ], [ 3.334583044052124, 6.402915954589844 ], [ 3.334305047988948, 6.402915954589844 ], [ 3.334305047988948, 6.40319395065319 ], [ 3.334027051925659, 6.40319395065319 ], [ 3.334027051925659, 6.403749942779655 ], [ 3.333749055862484, 6.403749942779655 ], [ 3.333749055862484, 6.403471946716309 ], [ 3.33263897895813, 6.403471946716309 ], [ 3.33263897895813, 6.40319395065319 ], [ 3.332360982895011, 6.40319395065319 ], [ 3.332360982895011, 6.403471946716309 ], [ 3.332082986831665, 6.403471946716309 ], [ 3.332082986831665, 6.40319395065319 ], [ 3.331804990768546, 6.40319395065319 ], [ 3.331804990768546, 6.402915954589844 ], [ 3.330138921737671, 6.402915954589844 ], [ 3.330138921737671, 6.40319395065319 ], [ 3.329582929611206, 6.40319395065319 ], [ 3.329582929611206, 6.403471946716309 ], [ 3.328751087188721, 6.403471946716309 ], [ 3.328751087188721, 6.404027938842773 ], [ 3.328473091125602, 6.404027938842773 ], [ 3.328473091125602, 6.40430593490612 ], [ 3.32791709899908, 6.40430593490612 ], [ 3.32791709899908, 6.404027938842773 ], [ 3.325973033905143, 6.404027938842773 ], [ 3.325973033905143, 6.403749942779655 ], [ 3.325138092041016, 6.403749942779655 ], [ 3.325138092041016, 6.404027938842773 ], [ 3.322082042694149, 6.404027938842773 ], [ 3.322082042694149, 6.403749942779655 ], [ 3.32152795791626, 6.403749942779655 ], [ 3.32152795791626, 6.403471946716309 ], [ 3.320693969726619, 6.403471946716309 ], [ 3.320693969726619, 6.403749942779655 ], [ 3.320137977600154, 6.403749942779655 ], [ 3.320137977600154, 6.404027938842773 ], [ 3.319027900695801, 6.404027938842773 ], [ 3.319027900695801, 6.40430593490612 ], [ 3.318471908569336, 6.40430593490612 ], [ 3.318471908569336, 6.404027938842773 ], [ 3.31819391250616, 6.404027938842773 ], [ 3.31819391250616, 6.40430593490612 ], [ 3.31680607795721, 6.40430593490612 ], [ 3.31680607795721, 6.404027938842773 ], [ 3.316250085830745, 6.404027938842773 ], [ 3.316250085830745, 6.403749942779655 ], [ 3.31569409370428, 6.403749942779655 ], [ 3.31569409370428, 6.404027938842773 ], [ 3.314584016799927, 6.404027938842773 ], [ 3.314584016799927, 6.40430593490612 ], [ 3.313750028610286, 6.40430593490612 ], [ 3.313750028610286, 6.404860019683838 ], [ 3.31347203254694, 6.404860019683838 ], [ 3.31347203254694, 6.405138015747127 ], [ 3.311527013778687, 6.405138015747127 ], [ 3.311527013778687, 6.404860019683838 ], [ 3.31041789054882, 6.404860019683838 ], [ 3.31041789054882, 6.404583930969295 ], [ 3.308470964431763, 6.404583930969295 ], [ 3.308470964431763, 6.40430593490612 ], [ 3.307917118072623, 6.40430593490612 ], [ 3.307917118072623, 6.404027938842773 ], [ 3.307638883590755, 6.404027938842773 ], [ 3.307638883590755, 6.40430593490612 ], [ 3.305695056915283, 6.40430593490612 ], [ 3.305695056915283, 6.404583930969295 ], [ 3.304027080535889, 6.404583930969295 ], [ 3.304027080535889, 6.404860019683838 ], [ 3.302917003631705, 6.404860019683838 ], [ 3.302917003631705, 6.404583930969295 ], [ 3.302361011505241, 6.404583930969295 ], [ 3.302361011505241, 6.404860019683838 ], [ 3.301805019378776, 6.404860019683838 ], [ 3.301805019378776, 6.405138015747127 ], [ 3.30152702331543, 6.405138015747127 ], [ 3.30152702331543, 6.405416011810303 ], [ 3.301250934600887, 6.405416011810303 ], [ 3.301250934600887, 6.405694007873649 ], [ 3.299860954284782, 6.405694007873649 ], [ 3.299860954284782, 6.405416011810303 ], [ 3.29875111579895, 6.405416011810303 ], [ 3.29875111579895, 6.405138015747127 ], [ 3.298472881317139, 6.405138015747127 ], [ 3.298472881317139, 6.404860019683838 ], [ 3.298194885253963, 6.404860019683838 ], [ 3.298194885253963, 6.404583930969295 ], [ 3.297915935516357, 6.404583930969295 ], [ 3.297915935516357, 6.40430593490612 ], [ 3.297359943389893, 6.40430593490612 ], [ 3.297359943389893, 6.404027938842773 ], [ 3.296807050705013, 6.404027938842773 ], [ 3.296807050705013, 6.40430593490612 ], [ 3.295416116714421, 6.40430593490612 ], [ 3.295416116714421, 6.404583930969295 ], [ 3.294584035873413, 6.404583930969295 ], [ 3.294584035873413, 6.404860019683838 ], [ 3.293194055557308, 6.404860019683838 ], [ 3.293194055557308, 6.405138015747127 ], [ 3.292360067367497, 6.405138015747127 ], [ 3.292360067367497, 6.405416011810303 ], [ 3.292083978652954, 6.405416011810303 ], [ 3.292083978652954, 6.405138015747127 ], [ 3.291527986526489, 6.405138015747127 ], [ 3.291527986526489, 6.404860019683838 ], [ 3.288749933242912, 6.404860019683838 ], [ 3.288749933242912, 6.405138015747127 ], [ 3.288471937179565, 6.405138015747127 ], [ 3.288471937179565, 6.405416011810303 ], [ 3.287915945053101, 6.405416011810303 ], [ 3.287915945053101, 6.405138015747127 ], [ 3.287362098693904, 6.405138015747127 ], [ 3.287362098693904, 6.404860019683838 ], [ 3.287084102630615, 6.404860019683838 ], [ 3.287084102630615, 6.405138015747127 ], [ 3.286250114440975, 6.405138015747127 ], [ 3.286250114440975, 6.404860019683838 ], [ 3.284584045410156, 6.404860019683838 ], [ 3.284584045410156, 6.405138015747127 ], [ 3.283195972442684, 6.405138015747127 ], [ 3.283193111419791, 6.404860019683838 ], [ 3.282639026641903, 6.404860019683838 ], [ 3.282639026641903, 6.405138015747127 ], [ 3.281805038452262, 6.405138015747127 ], [ 3.281805038452262, 6.404860019683838 ], [ 3.280416965484619, 6.404860019683838 ], [ 3.280416965484619, 6.405138015747127 ], [ 3.277360916137695, 6.405138015747127 ], [ 3.277360916137695, 6.405416011810303 ], [ 3.275139093399105, 6.405416011810303 ], [ 3.275139093399105, 6.405138015747127 ], [ 3.271528959274292, 6.405138015747127 ], [ 3.271528959274292, 6.405416011810303 ], [ 3.270972967147827, 6.405416011810303 ], [ 3.270972967147827, 6.405138015747127 ], [ 3.270416021347046, 6.405138015747127 ], [ 3.270416021347046, 6.404860019683838 ], [ 3.269860029220581, 6.404860019683838 ], [ 3.269860029220581, 6.405138015747127 ], [ 3.268193960189933, 6.405138015747127 ], [ 3.268193960189933, 6.404860019683838 ], [ 3.267359972000122, 6.404860019683838 ], [ 3.267359972000122, 6.405138015747127 ], [ 3.262638092041072, 6.405138015747127 ], [ 3.262638092041072, 6.404860019683838 ], [ 3.257639884948787, 6.404860019683838 ], [ 3.257639884948787, 6.405138015747127 ], [ 3.257082939148006, 6.405138015747127 ], [ 3.257082939148006, 6.405416011810303 ], [ 3.25541710853571, 6.405416011810303 ], [ 3.25541710853571, 6.405138015747127 ], [ 3.249861001968384, 6.405138015747127 ], [ 3.249861001968384, 6.404860019683838 ], [ 3.247638940811271, 6.404860019683838 ], [ 3.247638940811271, 6.404583930969295 ], [ 3.245138883590812, 6.404583930969295 ], [ 3.245138883590812, 6.404860019683838 ], [ 3.244581937790031, 6.404860019683838 ], [ 3.244581937790031, 6.404583930969295 ], [ 3.24402904510498, 6.404583930969295 ], [ 3.24402904510498, 6.404860019683838 ], [ 3.240972042083797, 6.404860019683838 ], [ 3.240972042083797, 6.404583930969295 ], [ 3.240416049957275, 6.404583930969295 ], [ 3.240416049957275, 6.404860019683838 ], [ 3.240138053894157, 6.404860019683838 ], [ 3.240138053894157, 6.404583930969295 ], [ 3.239305973052922, 6.404583930969295 ], [ 3.239305973052922, 6.404860019683838 ], [ 3.237637996673698, 6.404860019683838 ], [ 3.237637996673698, 6.404583930969295 ], [ 3.236249923706055, 6.404583930969295 ], [ 3.236249923706055, 6.404860019683838 ], [ 3.234862089157218, 6.404860019683838 ], [ 3.234862089157218, 6.404583930969295 ], [ 3.232640027999935, 6.404583930969295 ], [ 3.232640027999935, 6.404860019683838 ], [ 3.22986102104187, 6.404860019683838 ], [ 3.22986102104187, 6.404583930969295 ], [ 3.227360963821411, 6.404583930969295 ], [ 3.227360963821411, 6.404860019683838 ], [ 3.226248979568481, 6.404860019683838 ], [ 3.226248979568481, 6.404583930969295 ], [ 3.225972890853939, 6.404583930969295 ], [ 3.225972890853939, 6.404860019683838 ], [ 3.223751068115348, 6.404860019683838 ], [ 3.223748922348022, 6.404583930969295 ], [ 3.223473072052002, 6.404583930969295 ], [ 3.223473072052002, 6.404860019683838 ], [ 3.223195075988883, 6.404860019683838 ], [ 3.223195075988883, 6.404583930969295 ], [ 3.221527099609432, 6.404583930969295 ], [ 3.221527099609432, 6.404860019683838 ], [ 3.220139026641959, 6.404860019683838 ], [ 3.220139026641959, 6.404583930969295 ], [ 3.215137958526611, 6.404583930969295 ], [ 3.215137958526611, 6.404860019683838 ], [ 3.214306116104069, 6.404860019683838 ], [ 3.214306116104069, 6.404583930969295 ], [ 3.212084054946956, 6.404583930969295 ], [ 3.212084054946956, 6.40430593490612 ], [ 3.211806058883667, 6.40430593490612 ], [ 3.211806058883667, 6.404583930969295 ], [ 3.210138082504386, 6.404583930969295 ], [ 3.210138082504386, 6.40430593490612 ], [ 3.20652794837963, 6.40430593490612 ], [ 3.20652794837963, 6.404027938842773 ], [ 3.206249952316284, 6.404027938842773 ], [ 3.206249952316284, 6.40430593490612 ], [ 3.205971956253109, 6.40430593490612 ], [ 3.205971956253109, 6.404027938842773 ], [ 3.205140113830623, 6.404027938842773 ], [ 3.205140113830623, 6.40430593490612 ], [ 3.204583883285636, 6.40430593490612 ], [ 3.204583883285636, 6.404027938842773 ], [ 3.202639102935905, 6.404027938842773 ], [ 3.202639102935905, 6.40430593490612 ], [ 3.199305057525635, 6.40430593490612 ], [ 3.199305057525635, 6.404583930969295 ], [ 3.197916984558162, 6.404583930969295 ], [ 3.197916984558162, 6.40430593490612 ], [ 3.195972919464168, 6.40430593490612 ], [ 3.195972919464168, 6.404027938842773 ], [ 3.195138931274357, 6.404027938842773 ], [ 3.195138931274357, 6.403749942779655 ], [ 3.192361116409302, 6.403749942779655 ], [ 3.192361116409302, 6.404027938842773 ], [ 3.19208288192749, 6.404027938842773 ], [ 3.19208288192749, 6.403749942779655 ], [ 3.191803932189998, 6.403749942779655 ], [ 3.191803932189998, 6.404027938842773 ], [ 3.191529035568294, 6.404027938842773 ], [ 3.191529035568294, 6.403749942779655 ], [ 3.190416097641048, 6.403749942779655 ], [ 3.190416097641048, 6.404027938842773 ], [ 3.188472032547054, 6.404027938842773 ], [ 3.188472032547054, 6.403749942779655 ], [ 3.187360048294124, 6.403749942779655 ], [ 3.187360048294124, 6.403471946716309 ], [ 3.186527967453117, 6.403471946716309 ], [ 3.186527967453117, 6.403749942779655 ], [ 3.185431957244987, 6.403749942779655 ] ] ] } },
{ "type": "Feature", "properties": { "NAME_1": "Lagos", "NAME_2": "Apapa" }, "geometry": { "type": "Polygon", "coordinates": [ [ [ 3.322557926178035, 6.446716785430908 ], [ 3.324856042861995, 6.448191165924186 ], [ 3.327656984329224, 6.450216770172233 ], [ 3.329762935638541, 6.452026844024658 ], [ 3.331623077392578, 6.452916145324821 ], [ 3.333708047866935, 6.45357179641735 ], [ 3.335791110992488, 6.45399808883667 ], [ 3.339720010757446, 6.454392910003719 ], [ 3.342958927154598, 6.455029010772762 ], [ 3.34365892410284, 6.455478191375846 ], [ 3.344822883606014, 6.456150054931754 ], [ 3.344618082046622, 6.457766056060734 ], [ 3.343956947326717, 6.459620952606258 ], [ 3.342852115631217, 6.46263408660883 ], [ 3.341968059539795, 6.464953899383602 ], [ 3.340159893035946, 6.467288017273006 ], [ 3.339992046356315, 6.471208095550594 ], [ 3.338913917541618, 6.475834846496696 ], [ 3.340568065643311, 6.478342056274471 ], [ 3.341979026794434, 6.47993278503418 ], [ 3.34317588806158, 6.482674121856803 ], [ 3.343647003173885, 6.483357906341666 ], [ 3.344582080841064, 6.484035015106258 ], [ 3.350785970687866, 6.482546806335506 ], [ 3.351052045822257, 6.482382774352971 ], [ 3.354903936386108, 6.479985237121696 ], [ 3.355355024337825, 6.479704856872502 ], [ 3.358315944671631, 6.477347850799561 ], [ 3.362622976303214, 6.472669124603385 ], [ 3.363845109939632, 6.470448970794678 ], [ 3.365310907363892, 6.467784881591911 ], [ 3.368690013885612, 6.46265697479248 ], [ 3.372301101684684, 6.457756996154842 ], [ 3.37779092788702, 6.454898834228516 ], [ 3.381894111633414, 6.45183277130127 ], [ 3.386925935745296, 6.449214935302791 ], [ 3.392204046249503, 6.447512149810791 ], [ 3.396816968917847, 6.447433948516846 ], [ 3.401448965072689, 6.448507785797062 ], [ 3.404932975769157, 6.447135925292969 ], [ 3.403955936431885, 6.446622848510799 ], [ 3.400919914245719, 6.44436883926403 ], [ 3.397883892059326, 6.442117214202881 ], [ 3.394360065460319, 6.438259124755859 ], [ 3.393605947494507, 6.434354782104492 ], [ 3.392400026321468, 6.431149959564209 ], [ 3.391416072845459, 6.427249908447266 ], [ 3.38995289802557, 6.42243480682373 ], [ 3.389214038848877, 6.419451236724854 ], [ 3.389070987701416, 6.410698890686149 ], [ 3.38972711563116, 6.408383846283073 ], [ 3.395925998687801, 6.39834022521967 ], [ 3.395821094513053, 6.398118972778434 ], [ 3.395834922790584, 6.397903919220028 ], [ 3.395709991455078, 6.397362232208309 ], [ 3.39513993263256, 6.397362232208309 ], [ 3.39513993263256, 6.396527767181453 ], [ 3.395416021347103, 6.396512031555176 ], [ 3.395416021347103, 6.396082878112793 ], [ 3.395416021347103, 6.395971775054988 ], [ 3.395694017410278, 6.395971775054988 ], [ 3.395694017410278, 6.395693778991642 ], [ 3.395972013473568, 6.395693778991642 ], [ 3.395972013473568, 6.395418167114371 ], [ 3.396250009536743, 6.395418167114371 ], [ 3.396250009536743, 6.395140171051025 ], [ 3.396528005600032, 6.395140171051025 ], [ 3.396528005600032, 6.39486217498785 ], [ 3.396806001663208, 6.39486217498785 ], [ 3.396806001663208, 6.394584178924561 ], [ 3.397083997726554, 6.394584178924561 ], [ 3.397083997726554, 6.394306182861385 ], [ 3.397361993789673, 6.394306182861385 ], [ 3.397361993789673, 6.393749237060661 ], [ 3.397639989853019, 6.393749237060661 ], [ 3.397639989853019, 6.39347076416027 ], [ 3.397916078567562, 6.39347076416027 ], [ 3.397916078567562, 6.393196105957031 ], [ 3.39819407463068, 6.393192768096924 ], [ 3.39819407463068, 6.392918109893913 ], [ 3.398750066757202, 6.392918109893913 ], [ 3.398750066757202, 6.392640113830566 ], [ 3.399028062820491, 6.392640113830566 ], [ 3.399028062820491, 6.392361164093131 ], [ 3.399306058883667, 6.392361164093131 ], [ 3.399306058883667, 6.392083168029785 ], [ 3.399028062820491, 6.392083168029785 ], [ 3.399028062820491, 6.391805171966666 ], [ 3.398750066757202, 6.391805171966666 ], [ 3.398750066757202, 6.392083168029785 ], [ 3.39819407463068, 6.392083168029785 ], [ 3.39819407463068, 6.392361164093131 ], [ 3.397916078567562, 6.392361164093131 ], [ 3.397916078567562, 6.392640113830566 ], [ 3.397639989853019, 6.392640113830566 ], [ 3.397639989853019, 6.392918109893913 ], [ 3.397361993789673, 6.392918109893913 ], [ 3.397361993789673, 6.393196105957031 ], [ 3.397083997726554, 6.393196105957031 ], [ 3.397083997726554, 6.39347076416027 ], [ 3.396806001663208, 6.39347076416027 ], [ 3.396806001663208, 6.393749237060661 ], [ 3.396528005600032, 6.393749237060661 ], [ 3.396528005600032, 6.394306182861385 ], [ 3.396250009536743, 6.394306182861385 ], [ 3.396250009536743, 6.394584178924561 ], [ 3.395972013473568, 6.394584178924561 ], [ 3.395972013473568, 6.39486217498785 ], [ 3.395694017410278, 6.39486217498785 ], [ 3.395694017410278, 6.395140171051025 ], [ 3.395416021347103, 6.395140171051025 ], [ 3.395416021347103, 6.395418167114371 ], [ 3.395262956619263, 6.395418167114371 ], [ 3.39513993263256, 6.395418167114371 ], [ 3.39513993263256, 6.395693778991642 ], [ 3.394861936569214, 6.395693778991642 ], [ 3.394861936569214, 6.395971775054988 ], [ 3.394583940506095, 6.395971775054988 ], [ 3.394583940506095, 6.396249771118164 ], [ 3.393193006515503, 6.396249771118164 ], [ 3.393193006515503, 6.396527767181453 ], [ 3.39097094535839, 6.396527767181453 ], [ 3.39097094535839, 6.396805763244629 ], [ 3.388748884201107, 6.396805763244629 ], [ 3.388748884201107, 6.39708423614502 ], [ 3.386527061462516, 6.39708423614502 ], [ 3.386527061462516, 6.397362232208309 ], [ 3.384305000305233, 6.397362232208309 ], [ 3.384305000305233, 6.397637844085807 ], [ 3.382082939147892, 6.397637844085807 ], [ 3.382082939147892, 6.397915840148983 ], [ 3.381804943084774, 6.397915840148983 ], [ 3.381804943084774, 6.397637844085807 ], [ 3.381526947021428, 6.397637844085807 ], [ 3.381526947021428, 6.397362232208309 ], [ 3.380695104599113, 6.397362232208309 ], [ 3.380695104599113, 6.397637844085807 ], [ 3.379861116409302, 6.397637844085807 ], [ 3.379861116409302, 6.397915840148983 ], [ 3.378751039504948, 6.397915840148983 ], [ 3.378751039504948, 6.398193836212272 ], [ 3.377638101577759, 6.398193836212272 ], [ 3.377638101577759, 6.398471832275447 ], [ 3.377360105514583, 6.398471832275447 ], [ 3.377360105514583, 6.398193836212272 ], [ 3.3751380443573, 6.398193836212272 ], [ 3.3751380443573, 6.398471832275447 ], [ 3.374583959579581, 6.398471832275447 ], [ 3.374583959579581, 6.398749828338566 ], [ 3.372915983200187, 6.398749828338566 ], [ 3.372915983200187, 6.399027824401912 ], [ 3.370415925979728, 6.399027824401912 ], [ 3.370415925979728, 6.398749828338566 ], [ 3.369194030761832, 6.398749828338566 ], [ 3.368520021438655, 6.409433841705379 ], [ 3.366496086120605, 6.412693977356071 ], [ 3.363785982131958, 6.416196823120117 ], [ 3.36084604263317, 6.419933795929012 ], [ 3.359242916107235, 6.420651912689209 ], [ 3.355571985244808, 6.421864986419735 ], [ 3.351659059524479, 6.422390937805289 ], [ 3.348191976547355, 6.421989917755241 ], [ 3.341923952102775, 6.419562816619873 ], [ 3.337553024291992, 6.420326232910213 ], [ 3.334343910217228, 6.421532154083252 ], [ 3.330858945846671, 6.419980049133301 ], [ 3.330212116241512, 6.422756195068473 ], [ 3.330225944519043, 6.423676967620906 ], [ 3.330229997634945, 6.42390680313116 ], [ 3.329576015472469, 6.426222801208553 ], [ 3.328016996383667, 6.429705142974967 ], [ 3.328051090240479, 6.431778907775936 ], [ 3.326960086822567, 6.435715198516903 ], [ 3.326320886611938, 6.438951969146785 ], [ 3.325896978378296, 6.441263198852539 ], [ 3.324338912963981, 6.444745063781852 ], [ 3.323210000991935, 6.446376800537166 ], [ 3.322557926178035, 6.446716785430908 ] ] ] } },
{ "type": "Feature", "properties": { "NAME_1": "Lagos", "NAME_2": "Badagary" }, "geometry": { "type": "Polygon", "coordinates": [ [ [ 3.082984924316406, 6.521966934204102 ], [ 3.08745908737194, 6.518113136291504 ], [ 3.090429067611808, 6.516219139099178 ], [ 3.092705011367912, 6.514338970184383 ], [ 3.096785068511963, 6.509891986846924 ], [ 3.098826885223446, 6.507781028747559 ], [ 3.100388050079459, 6.504530906677246 ], [ 3.101958990096989, 6.50173902511608 ], [ 3.103519916534538, 6.498486995697021 ], [ 3.103718042373657, 6.496408939361629 ], [ 3.103677034378052, 6.493875980377197 ], [ 3.103195905685482, 6.492730140685978 ], [ 3.101560115814266, 6.491375923156795 ], [ 3.099224090576286, 6.489573001861686 ], [ 3.094573974609318, 6.487347126007194 ], [ 3.092245101928711, 6.486003875732479 ], [ 3.088294982910156, 6.484227180481071 ], [ 3.085028886795158, 6.481978893280029 ], [ 3.082910060882568, 6.479250907897949 ], [ 3.081245899200496, 6.476282119751033 ], [ 3.080955982208252, 6.472600936889762 ], [ 3.081151962280387, 6.470523834228516 ], [ 3.082046031952018, 6.46866512298584 ], [ 3.083589076995963, 6.464261054992676 ], [ 3.085541963577271, 6.456624031066895 ], [ 3.086203098297233, 6.454769134521541 ], [ 3.087327003479118, 6.452907085418758 ], [ 3.087985038757324, 6.450823783874512 ], [ 3.088179111480713, 6.448514938354549 ], [ 3.089498996734619, 6.444573879241887 ], [ 3.089934110641479, 6.44295597076416 ], [ 3.090362071991024, 6.440875053405875 ], [ 3.090744972229118, 6.43602991104126 ], [ 3.091403961181754, 6.433944225311336 ], [ 3.091340065002555, 6.43002891540533 ], [ 3.090384960174617, 6.427970886230526 ], [ 3.088051080703792, 6.426397800445557 ], [ 3.08526611328125, 6.425292968750057 ], [ 3.082259893417472, 6.424881935119629 ], [ 3.077858924865723, 6.423803806304988 ], [ 3.073456048965397, 6.422495841980037 ], [ 3.06857800483715, 6.420506954193115 ], [ 3.063888072967643, 6.415744781494084 ], [ 3.062005043029785, 6.413473129272575 ], [ 3.060097932815665, 6.409588813781795 ], [ 3.057969093322697, 6.406398773193303 ], [ 3.054857969284171, 6.399583816528377 ], [ 3.053194046020621, 6.399583816528377 ], [ 3.053194046020621, 6.399305820465031 ], [ 3.04930591583252, 6.399305820465031 ], [ 3.04930591583252, 6.399027824401912 ], [ 3.048749923705998, 6.399027824401912 ], [ 3.048749923705998, 6.399305820465031 ], [ 3.04458403587347, 6.399305820465031 ], [ 3.04458403587347, 6.399027824401912 ], [ 3.04375004768383, 6.399027824401912 ], [ 3.04375004768383, 6.399305820465031 ], [ 3.042917966842651, 6.399305820465031 ], [ 3.042917966842651, 6.399583816528377 ], [ 3.042639970779476, 6.399583816528377 ], [ 3.042639970779476, 6.399305820465031 ], [ 3.041805028915405, 6.399305820465031 ], [ 3.041805028915405, 6.399027824401912 ], [ 3.039582967758292, 6.399027824401912 ], [ 3.039582967758292, 6.398749828338566 ], [ 3.033751010894889, 6.398749828338566 ], [ 3.033751010894889, 6.398471832275447 ], [ 3.021806001663208, 6.398471832275447 ], [ 3.021806001663208, 6.398193836212272 ], [ 3.02013993263256, 6.398193836212272 ], [ 3.02013993263256, 6.397915840148983 ], [ 3.019861936569214, 6.397915840148983 ], [ 3.019861936569214, 6.398193836212272 ], [ 3.019583940506095, 6.398193836212272 ], [ 3.019583940506095, 6.397915840148983 ], [ 3.019027948379573, 6.397915840148983 ], [ 3.019027948379573, 6.398193836212272 ], [ 3.017915964126644, 6.398193836212272 ], [ 3.017915964126644, 6.398471832275447 ], [ 3.017362117767277, 6.398471832275447 ], [ 3.017362117767277, 6.398193836212272 ], [ 3.015692949295044, 6.398193836212272 ], [ 3.015692949295044, 6.397915840148983 ], [ 3.013748884201107, 6.397915840148983 ], [ 3.013748884201107, 6.398193836212272 ], [ 3.011805057525635, 6.398193836212272 ], [ 3.011805057525635, 6.397915840148983 ], [ 3.006804943084774, 6.397915840148983 ], [ 3.006804943084774, 6.397637844085807 ], [ 3.000694036483765, 6.397637844085807 ], [ 3.000694036483765, 6.397362232208309 ], [ 2.999860048294124, 6.397362232208309 ], [ 2.998749971389771, 6.397362232208309 ], [ 2.998749971389771, 6.39708423614502 ], [ 2.99791598320013, 6.39708423614502 ], [ 2.99791598320013, 6.396805763244629 ], [ 2.997083902359122, 6.396805763244629 ], [ 2.997083902359122, 6.39708423614502 ], [ 2.993750095367432, 6.39708423614502 ], [ 2.993750095367432, 6.396805763244629 ], [ 2.992916107177791, 6.396805763244629 ], [ 2.992916107177791, 6.39708423614502 ], [ 2.990139961242789, 6.39708423614502 ], [ 2.990139961242789, 6.396805763244629 ], [ 2.98902797698986, 6.396805763244629 ], [ 2.98902797698986, 6.39708423614502 ], [ 2.988193035125732, 6.39708423614502 ], [ 2.988193035125732, 6.396805763244629 ], [ 2.985694885253906, 6.396805763244629 ], [ 2.985694885253906, 6.39708423614502 ], [ 2.985416889190731, 6.39708423614502 ], [ 2.985416889190731, 6.396805763244629 ], [ 2.984026908874512, 6.396805763244629 ], [ 2.984026908874512, 6.396527767181453 ], [ 2.983748912811336, 6.396527767181453 ], [ 2.983748912811336, 6.396805763244629 ], [ 2.981251001358032, 6.396805763244629 ], [ 2.981251001358032, 6.396527767181453 ], [ 2.980139017105046, 6.396527767181453 ], [ 2.980139017105046, 6.396805763244629 ], [ 2.977360963821468, 6.396805763244629 ], [ 2.977360963821468, 6.396527767181453 ], [ 2.975416898727531, 6.396527767181453 ], [ 2.975416898727531, 6.396805763244629 ], [ 2.97097206115734, 6.396805763244629 ], [ 2.97097206115734, 6.396527767181453 ], [ 2.969860076904354, 6.396527767181453 ], [ 2.969860076904354, 6.396805763244629 ], [ 2.967361927032528, 6.396805763244629 ], [ 2.967361927032528, 6.396527767181453 ], [ 2.965693950653133, 6.396527767181453 ], [ 2.965693950653133, 6.396249771118164 ], [ 2.962362051010189, 6.396249771118164 ], [ 2.962362051010189, 6.396527767181453 ], [ 2.960695981979313, 6.396527767181453 ], [ 2.960692882537899, 6.396249771118164 ], [ 2.957082986831665, 6.396249771118164 ], [ 2.957082986831665, 6.395971775054988 ], [ 2.956804990768489, 6.395971775054988 ], [ 2.956804990768489, 6.396249771118164 ], [ 2.955694913864136, 6.396249771118164 ], [ 2.955694913864136, 6.396527767181453 ], [ 2.955416917801017, 6.396527767181453 ], [ 2.955416917801017, 6.396249771118164 ], [ 2.949304103851432, 6.396249771118164 ], [ 2.949304103851432, 6.395971775054988 ], [ 2.948194980621338, 6.395971775054988 ], [ 2.948194980621338, 6.396249771118164 ], [ 2.946806907653865, 6.396249771118164 ], [ 2.946806907653865, 6.395971775054988 ], [ 2.939306020736751, 6.395971775054988 ], [ 2.939306020736751, 6.395693778991642 ], [ 2.935971975326481, 6.395693778991642 ], [ 2.935971975326481, 6.395418167114371 ], [ 2.935139894485474, 6.395418167114371 ], [ 2.935139894485474, 6.395693778991642 ], [ 2.934861898422355, 6.395693778991642 ], [ 2.934861898422355, 6.395971775054988 ], [ 2.933748960495109, 6.395971775054988 ], [ 2.933748960495109, 6.395693778991642 ], [ 2.933196067810059, 6.395693778991642 ], [ 2.933196067810059, 6.395418167114371 ], [ 2.931526899337769, 6.395418167114371 ], [ 2.931526899337769, 6.395140171051025 ], [ 2.928749084472713, 6.395140171051025 ], [ 2.928749084472713, 6.395418167114371 ], [ 2.926250934600887, 6.395418167114371 ], [ 2.926250934600887, 6.395693778991642 ], [ 2.924860954284782, 6.395693778991642 ], [ 2.924860954284782, 6.395418167114371 ], [ 2.924026966094971, 6.395418167114371 ], [ 2.924026966094971, 6.395140171051025 ], [ 2.919306039810238, 6.395140171051025 ], [ 2.919306039810238, 6.39486217498785 ], [ 2.918750047683773, 6.39486217498785 ], [ 2.918750047683773, 6.395140171051025 ], [ 2.918194055557308, 6.395140171051025 ], [ 2.918194055557308, 6.39486217498785 ], [ 2.913749933242912, 6.39486217498785 ], [ 2.913749933242912, 6.395140171051025 ], [ 2.910972118377629, 6.395140171051025 ], [ 2.910972118377629, 6.39486217498785 ], [ 2.909306049346981, 6.39486217498785 ], [ 2.909306049346981, 6.394584178924561 ], [ 2.909028053283691, 6.394584178924561 ], [ 2.909028053283691, 6.39486217498785 ], [ 2.90847110748291, 6.39486217498785 ], [ 2.90847110748291, 6.395140171051025 ], [ 2.907361984253043, 6.395140171051025 ], [ 2.907361984253043, 6.39486217498785 ], [ 2.90208292007452, 6.39486217498785 ], [ 2.90208292007452, 6.394584178924561 ], [ 2.900973081588859, 6.394584178924561 ], [ 2.900973081588859, 6.39486217498785 ], [ 2.900139093399048, 6.39486217498785 ], [ 2.900139093399048, 6.394584178924561 ], [ 2.898751020431575, 6.394584178924561 ], [ 2.898751020431575, 6.39486217498785 ], [ 2.897639036178646, 6.39486217498785 ], [ 2.897639036178646, 6.394584178924561 ], [ 2.894028902053833, 6.394584178924561 ], [ 2.894028902053833, 6.394306182861385 ], [ 2.890693902969474, 6.394306182861385 ], [ 2.890693902969474, 6.394028186798096 ], [ 2.888750076294002, 6.394028186798096 ], [ 2.888750076294002, 6.393749237060661 ], [ 2.887084007263184, 6.393749237060661 ], [ 2.887084007263184, 6.394028186798096 ], [ 2.885972023010254, 6.394028186798096 ], [ 2.885972023010254, 6.393749237060661 ], [ 2.885416030883789, 6.393749237060661 ], [ 2.885416030883789, 6.394028186798096 ], [ 2.88402795791626, 6.394028186798096 ], [ 2.88402795791626, 6.393749237060661 ], [ 2.881248950958195, 6.393749237060661 ], [ 2.881248950958195, 6.394028186798096 ], [ 2.879861116409415, 6.394028186798096 ], [ 2.879861116409415, 6.393749237060661 ], [ 2.879304885864258, 6.393749237060661 ], [ 2.879304885864258, 6.39347076416027 ], [ 2.876805067062492, 6.39347076416027 ], [ 2.876805067062492, 6.393749237060661 ], [ 2.874861001968384, 6.393749237060661 ], [ 2.874861001968384, 6.39347076416027 ], [ 2.870695114135799, 6.39347076416027 ], [ 2.870695114135799, 6.393196105957031 ], [ 2.86736011505127, 6.393196105957031 ], [ 2.86736011505127, 6.392918109893913 ], [ 2.866250038147086, 6.392918109893913 ], [ 2.866250038147086, 6.393196105957031 ], [ 2.865416049957275, 6.393196105957031 ], [ 2.865416049957275, 6.392918109893913 ], [ 2.864027976989803, 6.392918109893913 ], [ 2.864027976989803, 6.392640113830566 ], [ 2.863193988800163, 6.392640113830566 ], [ 2.863193988800163, 6.392361164093131 ], [ 2.862915992736816, 6.392361164093131 ], [ 2.862915992736816, 6.392083168029785 ], [ 2.861805915832463, 6.392083168029785 ], [ 2.861805915832463, 6.392361164093131 ], [ 2.861527919769344, 6.392361164093131 ], [ 2.861527919769344, 6.392640113830566 ], [ 2.861249923705998, 6.392640113830566 ], [ 2.861249923705998, 6.392918109893913 ], [ 2.860693931579704, 6.392918109893913 ], [ 2.860693931579704, 6.392640113830566 ], [ 2.857916116714478, 6.392640113830566 ], [ 2.857916116714478, 6.392361164093131 ], [ 2.85708403587347, 6.392361164093131 ], [ 2.85708403587347, 6.392640113830566 ], [ 2.85486197471613, 6.392640113830566 ], [ 2.85486197471613, 6.392361164093131 ], [ 2.853195905685482, 6.392361164093131 ], [ 2.853195905685482, 6.392083168029785 ], [ 2.852638959884757, 6.392083168029785 ], [ 2.852638959884757, 6.392361164093131 ], [ 2.852082967758292, 6.392361164093131 ], [ 2.852082967758292, 6.392083168029785 ], [ 2.847917079925537, 6.392083168029785 ], [ 2.847917079925537, 6.391805171966666 ], [ 2.843472957611084, 6.391805171966666 ], [ 2.843472957611084, 6.392083168029785 ], [ 2.843194961547965, 6.392083168029785 ], [ 2.843194961547965, 6.391805171966666 ], [ 2.841250896453971, 6.391805171966666 ], [ 2.841250896453971, 6.39152717590332 ], [ 2.839859962463436, 6.39152717590332 ], [ 2.839859962463436, 6.391805171966666 ], [ 2.83958196640026, 6.391805171966666 ], [ 2.83958196640026, 6.39152717590332 ], [ 2.837915897369442, 6.39152717590332 ], [ 2.837915897369442, 6.391805171966666 ], [ 2.837637901306152, 6.391805171966666 ], [ 2.837637901306152, 6.39152717590332 ], [ 2.835694074630851, 6.39152717590332 ], [ 2.835694074630851, 6.391249179840202 ], [ 2.834306001663208, 6.391249179840202 ], [ 2.834306001663208, 6.390971183776855 ], [ 2.830971956253109, 6.390971183776855 ], [ 2.830971956253109, 6.390695095062313 ], [ 2.82930588722229, 6.390695095062313 ], [ 2.82930588722229, 6.390971183776855 ], [ 2.828749895095825, 6.390971183776855 ], [ 2.828749895095825, 6.390695095062313 ], [ 2.827084064483699, 6.390695095062313 ], [ 2.827084064483699, 6.390417098998967 ], [ 2.826248884201107, 6.390417098998967 ], [ 2.826248884201107, 6.390695095062313 ], [ 2.8248610496521, 6.390695095062313 ], [ 2.8248610496521, 6.390417098998967 ], [ 2.824305057525635, 6.390417098998967 ], [ 2.824305057525635, 6.390139102935848 ], [ 2.822360992431641, 6.390139102935848 ], [ 2.822360992431641, 6.389861106872672 ], [ 2.818751096725578, 6.389861106872672 ], [ 2.818751096725578, 6.389583110809383 ], [ 2.817361116409302, 6.389583110809383 ], [ 2.817361116409302, 6.389305114746207 ], [ 2.815973043441829, 6.389305114746207 ], [ 2.815973043441829, 6.389583110809383 ], [ 2.813750982284489, 6.389583110809383 ], [ 2.813750982284489, 6.389305114746207 ], [ 2.811805963516235, 6.389305114746207 ], [ 2.811805963516235, 6.389027118682918 ], [ 2.809859991073665, 6.389027118682918 ], [ 2.809859991073665, 6.388749122619743 ], [ 2.808471918106193, 6.388749122619743 ], [ 2.808471918106193, 6.388471126556396 ], [ 2.807637929916382, 6.388471126556396 ], [ 2.807637929916382, 6.388195037841854 ], [ 2.805972099304256, 6.388195037841854 ], [ 2.805972099304256, 6.387917041778564 ], [ 2.805138111114445, 6.387917041778564 ], [ 2.805138111114445, 6.388195037841854 ], [ 2.803750038146973, 6.388195037841854 ], [ 2.803750038146973, 6.387917041778564 ], [ 2.802917957305908, 6.387917041778564 ], [ 2.802916049957332, 6.387639045715389 ], [ 2.801249980926514, 6.387639045715389 ], [ 2.801249980926514, 6.387361049652043 ], [ 2.79930496215826, 6.387361049652043 ], [ 2.79930496215826, 6.387083053588924 ], [ 2.796804904937801, 6.387083053588924 ], [ 2.796804904937801, 6.386805057525578 ], [ 2.79569506645214, 6.386805057525578 ], [ 2.79569506645214, 6.386527061462459 ], [ 2.795417070388851, 6.386527061462459 ], [ 2.795417070388851, 6.386805057525578 ], [ 2.793751001358032, 6.386805057525578 ], [ 2.793751001358032, 6.386527061462459 ], [ 2.792361021041927, 6.386527061462459 ], [ 2.792361021041927, 6.386250972747916 ], [ 2.791805028915462, 6.386250972747916 ], [ 2.791805028915462, 6.38597297668457 ], [ 2.789860963821468, 6.38597297668457 ], [ 2.789860963821468, 6.385694980621395 ], [ 2.787638902664185, 6.385694980621395 ], [ 2.787638902664185, 6.385416984558105 ], [ 2.786251068115178, 6.385416984558105 ], [ 2.786251068115178, 6.38513898849493 ], [ 2.785415887832755, 6.38513898849493 ], [ 2.785415887832755, 6.385416984558105 ], [ 2.784028053283805, 6.385416984558105 ], [ 2.784028053283805, 6.38513898849493 ], [ 2.782360076904354, 6.38513898849493 ], [ 2.782360076904354, 6.384860992431641 ], [ 2.780972003936881, 6.384860992431641 ], [ 2.780972003936881, 6.384582996368465 ], [ 2.779861927032528, 6.384582996368465 ], [ 2.779861927032528, 6.384305000305176 ], [ 2.778193950653076, 6.384305000305176 ], [ 2.778193950653076, 6.384582996368465 ], [ 2.777362108230591, 6.384582996368465 ], [ 2.777362108230591, 6.384305000305176 ], [ 2.777084112167472, 6.384305000305176 ], [ 2.777084112167472, 6.384028911590576 ], [ 2.776806116104126, 6.384028911590576 ], [ 2.776806116104126, 6.383750915527457 ], [ 2.775971889495963, 6.383750915527457 ], [ 2.775971889495963, 6.384028911590576 ], [ 2.775140047073478, 6.384028911590576 ], [ 2.775140047073478, 6.383750915527457 ], [ 2.774862051010132, 6.383750915527457 ], [ 2.774862051010132, 6.383472919464111 ], [ 2.774306058883667, 6.383472919464111 ], [ 2.774306058883667, 6.383194923400993 ], [ 2.774028062820548, 6.383194923400993 ], [ 2.774028062820548, 6.383472919464111 ], [ 2.773471117019767, 6.383472919464111 ], [ 2.773471117019767, 6.383750915527457 ], [ 2.773195981979313, 6.383750915527457 ], [ 2.773192882537899, 6.383472919464111 ], [ 2.772361040115413, 6.383472919464111 ], [ 2.772361040115413, 6.383194923400993 ], [ 2.769304990768489, 6.383194923400993 ], [ 2.769304990768489, 6.382916927337646 ], [ 2.767360925674552, 6.382916927337646 ], [ 2.767360925674552, 6.382638931274528 ], [ 2.76680493354803, 6.382638931274528 ], [ 2.76680493354803, 6.382360935211182 ], [ 2.765695095062256, 6.382360935211182 ], [ 2.765695095062256, 6.382082939148006 ], [ 2.76541709899908, 6.382082939148006 ], [ 2.76541709899908, 6.382360935211182 ], [ 2.763195037841797, 6.382360935211182 ], [ 2.763195037841797, 6.382082939148006 ], [ 2.760972976684684, 6.382082939148006 ], [ 2.760972976684684, 6.381804943084717 ], [ 2.758193969726619, 6.381804943084717 ], [ 2.758193969726619, 6.381528854370174 ], [ 2.757915973663444, 6.381528854370174 ], [ 2.757915973663444, 6.381250858306998 ], [ 2.757637977600154, 6.381250858306998 ], [ 2.757637977600154, 6.380972862243652 ], [ 2.754584074020499, 6.380972862243652 ], [ 2.754584074020499, 6.380694866180534 ], [ 2.754028081894035, 6.380694866180534 ], [ 2.754028081894035, 6.380972862243652 ], [ 2.752638101577759, 6.380972862243652 ], [ 2.752638101577759, 6.380694866180534 ], [ 2.751806020736751, 6.380694866180534 ], [ 2.751806020736751, 6.380416870117188 ], [ 2.750694036483821, 6.380416870117188 ], [ 2.750694036483821, 6.380694866180534 ], [ 2.750139951705933, 6.380694866180534 ], [ 2.750139951705933, 6.380416870117188 ], [ 2.748749971389827, 6.380416870117188 ], [ 2.748749971389827, 6.380137920379752 ], [ 2.747639894485474, 6.380137920379752 ], [ 2.747639894485474, 6.379859924316463 ], [ 2.745692968368587, 6.379859924316463 ], [ 2.745692968368587, 6.379581928253288 ], [ 2.745418071746883, 6.379581928253288 ], [ 2.745418071746883, 6.379303932189941 ], [ 2.74374890327465, 6.379303932189941 ], [ 2.74374890327465, 6.379581928253288 ], [ 2.742083072662354, 6.379581928253288 ], [ 2.742083072662354, 6.379303932189941 ], [ 2.741527080535889, 6.379303932189941 ], [ 2.741527080535889, 6.379028797149715 ], [ 2.739583015441895, 6.379028797149715 ], [ 2.739583015441895, 6.378749847412109 ], [ 2.73902702331543, 6.378749847412109 ], [ 2.73902702331543, 6.378471851348934 ], [ 2.738750934600887, 6.378471851348934 ], [ 2.738750934600887, 6.378749847412109 ], [ 2.738194942474422, 6.378749847412109 ], [ 2.738194942474422, 6.378471851348934 ], [ 2.737082958221436, 6.378471851348934 ], [ 2.737082958221436, 6.378749847412109 ], [ 2.736804962158317, 6.378749847412109 ], [ 2.736804962158317, 6.378471851348934 ], [ 2.734582901001033, 6.378471851348934 ], [ 2.734582901001033, 6.378193855285588 ], [ 2.733751058578491, 6.378193855285588 ], [ 2.733751058578491, 6.378471851348934 ], [ 2.733195066452026, 6.378471851348934 ], [ 2.733195066452026, 6.378193855285588 ], [ 2.732081890106258, 6.378193855285588 ], [ 2.732081890106258, 6.377915859222469 ], [ 2.730972051620427, 6.377915859222469 ], [ 2.730972051620427, 6.378193855285588 ], [ 2.730694055557308, 6.378193855285588 ], [ 2.730694055557308, 6.377915859222469 ], [ 2.729583978652954, 6.377915859222469 ], [ 2.729583978652954, 6.377637863159123 ], [ 2.728471994400024, 6.377637863159123 ], [ 2.728471994400024, 6.377359867096004 ], [ 2.72430610656744, 6.377359867096004 ], [ 2.72430610656744, 6.377083778381461 ], [ 2.723750114440975, 6.377083778381461 ], [ 2.723750114440975, 6.376805782318115 ], [ 2.720693111419735, 6.376805782318115 ], [ 2.720693111419735, 6.37652778625494 ], [ 2.717916965484733, 6.37652778625494 ], [ 2.717916965484733, 6.37624979019165 ], [ 2.716248989105338, 6.37624979019165 ], [ 2.716248989105338, 6.375971794128475 ], [ 2.715416908264103, 6.375971794128475 ], [ 2.715416908264103, 6.375693798065186 ], [ 2.712917089462394, 6.375693798065186 ], [ 2.712917089462394, 6.37541580200201 ], [ 2.712083101272583, 6.37541580200201 ], [ 2.712083101272583, 6.375693798065186 ], [ 2.711805105209464, 6.375693798065186 ], [ 2.711805105209464, 6.375971794128475 ], [ 2.711527109146118, 6.375971794128475 ], [ 2.711527109146118, 6.37624979019165 ], [ 2.711251020431575, 6.37624979019165 ], [ 2.711251020431575, 6.37652778625494 ], [ 2.710695028305111, 6.37652778625494 ], [ 2.710695028305111, 6.37624979019165 ], [ 2.710139036178646, 6.37624979019165 ], [ 2.710139036178646, 6.375971794128475 ], [ 2.70986104011547, 6.375971794128475 ], [ 2.70986104011547, 6.375693798065186 ], [ 2.709382057189998, 6.375693798065186 ], [ 2.70917010307312, 6.382326126098633 ], [ 2.708415985107536, 6.405684947967529 ], [ 2.708297014236507, 6.409361839294434 ], [ 2.706279993057308, 6.425604820251465 ], [ 2.71071100234991, 6.452599048614502 ], [ 2.717430114746207, 6.470749855041618 ], [ 2.71785402297985, 6.473495960235709 ], [ 2.720602035522518, 6.471949100494442 ], [ 2.725676059722957, 6.471632003784293 ], [ 2.728200912475643, 6.47066593170166 ], [ 2.732556104660091, 6.468743801117057 ], [ 2.734386920929012, 6.467792034149227 ], [ 2.738070011138916, 6.467037200927848 ], [ 2.740381002426147, 6.467228889465446 ], [ 2.744096040725708, 6.468547821045036 ], [ 2.747561931610221, 6.46871900558483 ], [ 2.750113010406608, 6.469368934631404 ], [ 2.756834030151424, 6.470869064331168 ], [ 2.75984001159668, 6.471279144287109 ], [ 2.767467975616398, 6.471841812133846 ], [ 2.770718097686711, 6.472939968109245 ], [ 2.773961067199764, 6.473576068878231 ], [ 2.776272058486995, 6.473768234252873 ], [ 2.783648014068604, 6.472949028015137 ], [ 2.784816980361938, 6.47385215759283 ], [ 2.786443948745784, 6.474516868591422 ], [ 2.78828406333929, 6.474024772644157 ], [ 2.793128967285213, 6.473940849304199 ], [ 2.796108007430973, 6.472506999969482 ], [ 2.800903081893978, 6.469195842743034 ], [ 2.80502104759222, 6.466818809509334 ], [ 2.808917045593205, 6.465137004852352 ], [ 2.813069105148429, 6.464836120605582 ], [ 2.814186096191349, 6.462509155273551 ], [ 2.816718101501522, 6.462005138397274 ], [ 2.819230079650879, 6.460348129272518 ], [ 2.822678089141959, 6.459365844726562 ], [ 2.824528932571411, 6.459564208984375 ], [ 2.827090024948177, 6.460906028747615 ], [ 2.830349922180176, 6.462696075439453 ], [ 2.833611011505127, 6.464485168457031 ], [ 2.835961103439331, 6.466982841491813 ], [ 2.839493036270198, 6.471305847168082 ], [ 2.842061996460018, 6.473108768463192 ], [ 2.845107078552246, 6.475825786590633 ], [ 2.84931397438055, 6.478981971740836 ], [ 2.851416110992545, 6.480562210083008 ], [ 2.852819919586182, 6.481691837310848 ], [ 2.855611085891724, 6.483027935028076 ], [ 2.861459970474243, 6.487772941589469 ], [ 2.864721059799251, 6.48956203460699 ], [ 2.86751294136053, 6.490900039672852 ], [ 2.871697902679557, 6.492672920227051 ], [ 2.8747239112854, 6.494236946106014 ], [ 2.877069950103873, 6.496503829956055 ], [ 2.88034200668335, 6.498985767364559 ], [ 2.880594968795776, 6.500364780426139 ], [ 2.881583929061946, 6.504501819610596 ], [ 2.881653070449886, 6.508652210235596 ], [ 2.881931066513175, 6.511647224426383 ], [ 2.881076097488346, 6.516146183013916 ], [ 2.880655050277767, 6.518359184265137 ], [ 2.879555940628052, 6.521839141845703 ], [ 2.880300998687744, 6.525054931640682 ], [ 2.883550882339534, 6.526154041290397 ], [ 2.887022972106877, 6.526786804199332 ], [ 2.892086982727164, 6.525777816772518 ], [ 2.896454095840397, 6.524549007415885 ], [ 2.90015697479248, 6.525177955627441 ], [ 2.904306888580379, 6.524877071380672 ], [ 2.906156063079777, 6.524845123290959 ], [ 2.910757064819393, 6.523845195770264 ], [ 2.915831089019832, 6.523528099060172 ], [ 2.921143054962158, 6.523666858673209 ], [ 2.926422119140682, 6.521731853485107 ], [ 2.93033504486084, 6.520973205566406 ], [ 2.934712886810416, 6.520434856414852 ], [ 2.940449953079224, 6.51826286315918 ], [ 2.944375038147029, 6.518195152282829 ], [ 2.94832706451416, 6.519975185394287 ], [ 2.951350927353019, 6.521306037902832 ], [ 2.955749988555965, 6.522153854370174 ], [ 2.955977916717643, 6.521918773651237 ], [ 2.956443071365413, 6.522144794464111 ], [ 2.963136911392269, 6.522027969360408 ], [ 2.968677043914738, 6.521934986114616 ], [ 2.975559949874992, 6.519279956817741 ], [ 2.980633020401115, 6.518962860107422 ], [ 2.985024929046574, 6.519348144531364 ], [ 2.985258102416992, 6.51934385299694 ], [ 2.991512060165462, 6.520621776580924 ], [ 2.995655059814567, 6.519858837127799 ], [ 3.000962972640991, 6.519766807556096 ], [ 3.00788497924799, 6.519421100616398 ], [ 3.01550197601324, 6.519290924072379 ], [ 3.022202968597526, 6.519638061523438 ], [ 3.026352882385254, 6.519337177276668 ], [ 3.034415960312003, 6.518274784088135 ], [ 3.038129091262817, 6.519365787506047 ], [ 3.042510032653809, 6.519061088562125 ], [ 3.046899080276546, 6.519216060638541 ], [ 3.049907922744751, 6.519626140594482 ], [ 3.056374073028564, 6.519746780395565 ], [ 3.060786008834953, 6.521287918090877 ], [ 3.063555002212638, 6.521240234375057 ], [ 3.067251920700073, 6.521406173706168 ], [ 3.075337886810246, 6.521731853485107 ], [ 3.080435037613029, 6.522796154022217 ], [ 3.082984924316406, 6.521966934204102 ] ] ] } },
{ "type": "Feature", "properties": { "NAME_1": "Lagos", "NAME_2": "Epe" }, "geometry": { "type": "Polygon", "coordinates": [ [ [ 4.243505001068172, 6.38433408737194 ], [ 4.238125801086539, 6.390555858612004 ], [ 4.236074924469051, 6.392203807830867 ], [ 4.233576774597168, 6.39454889297491 ], [ 4.230836868286133, 6.39644098281866 ], [ 4.229239940643367, 6.397388935089111 ], [ 4.225614070892448, 6.401366233825684 ], [ 4.22334098815918, 6.403479099273795 ], [ 4.221759796142578, 6.405580043792781 ], [ 4.218819141388053, 6.40811014175415 ], [ 4.21766376495367, 6.409105777740592 ], [ 4.214938163757381, 6.411685943603629 ], [ 4.210816860199031, 6.413600921630973 ], [ 4.209212779998836, 6.41431903839117 ], [ 4.207499027252197, 6.415617942810002 ], [ 4.205793857574577, 6.416910171508846 ], [ 4.201432228088322, 6.418136119842586 ], [ 4.197762966156006, 6.419580936431998 ], [ 4.193367958068961, 6.419875144958496 ], [ 4.188385963439998, 6.424579143524284 ], [ 4.182364940643424, 6.423068046569881 ], [ 4.181441783905143, 6.423083782196045 ], [ 4.172870159149227, 6.420695781707821 ], [ 4.169840812683105, 6.418901920318604 ], [ 4.165917873382568, 6.418968200683651 ], [ 4.158288002014274, 6.417715072631836 ], [ 4.154423236846981, 6.421237945556754 ], [ 4.152152061462516, 6.423579216003418 ], [ 4.15012884140009, 6.426839828491325 ], [ 4.143488883972111, 6.429948806762809 ], [ 4.138422966003475, 6.430493831634578 ], [ 4.133347034454403, 6.430349826812858 ], [ 4.129191875457821, 6.430191040039062 ], [ 4.122002124786377, 6.427776813507137 ], [ 4.117122173309326, 6.425555229187069 ], [ 4.112248897552547, 6.423795223236141 ], [ 4.107826232910213, 6.421336174011287 ], [ 4.099494934082145, 6.419864177703857 ], [ 4.096754074096737, 6.421292781829891 ], [ 4.090124130249137, 6.425092220306396 ], [ 4.085080146789608, 6.427020072937012 ], [ 4.082118988037109, 6.429375171661434 ], [ 4.080508232116813, 6.429632186889705 ], [ 4.080053806304988, 6.430099010467529 ], [ 4.075944900512638, 6.432703971862793 ], [ 4.073408126831055, 6.432747840881404 ], [ 4.069702148437557, 6.431889057159424 ], [ 4.062080860137883, 6.431327819824219 ], [ 4.057536125183105, 6.435551166534424 ], [ 4.05460786819458, 6.439977169036922 ], [ 4.047749996185303, 6.443782806396428 ], [ 4.041381835937443, 6.449419975280875 ], [ 4.036914825439453, 6.458480834960994 ], [ 4.035161972045955, 6.464270114898738 ], [ 4.034926891327018, 6.464045047760123 ], [ 4.030829906463623, 6.467339992523193 ], [ 4.026716232299862, 6.46971321105957 ], [ 4.019144058227539, 6.472376823425293 ], [ 4.013844966888485, 6.472695827484188 ], [ 4.004883766174373, 6.474923133850154 ], [ 3.9980149269104, 6.478035926818791 ], [ 3.994142055511531, 6.481094837188778 ], [ 3.993546962738094, 6.48709583282465 ], [ 3.991292953491268, 6.490359783172721 ], [ 3.984018087387085, 6.496936798095817 ], [ 3.981029987335262, 6.497677803039608 ], [ 3.975727081298828, 6.497766971588248 ], [ 3.967628955841178, 6.49629020690918 ], [ 3.964441061019954, 6.498880863189754 ], [ 3.965210914611873, 6.503705978393668 ], [ 3.947390079498348, 6.500089168548641 ], [ 3.941895008087272, 6.502718925476074 ], [ 3.935003042221183, 6.504448890686092 ], [ 3.926964998245353, 6.506658077239933 ], [ 3.917762041092033, 6.508195877075138 ], [ 3.909486055374146, 6.509949207306022 ], [ 3.906352043151969, 6.515762805938721 ], [ 3.902237892150936, 6.518137931823674 ], [ 3.897721052169743, 6.524205207824764 ], [ 3.89338397979742, 6.52704477310192 ], [ 3.889548063278255, 6.532408237457389 ], [ 3.88733696937561, 6.538206100463981 ], [ 3.881824016571102, 6.539682865142879 ], [ 3.873790025711173, 6.542120933532715 ], [ 3.868094921112061, 6.546597003936824 ], [ 3.86398100852972, 6.548970222473201 ], [ 3.85823488235485, 6.550219058990592 ], [ 3.855926036834717, 6.550258159637565 ], [ 3.850419998169002, 6.551965236663762 ], [ 3.845606088638306, 6.553887844085693 ], [ 3.833374023437557, 6.553635120391959 ], [ 3.825076103210506, 6.554007053375244 ], [ 3.814694881439209, 6.553952217102108 ], [ 3.80756497383129, 6.555225849151725 ], [ 3.798269033432121, 6.551004886627311 ], [ 3.789891004562378, 6.546539783477897 ], [ 3.782221078872794, 6.542980194091797 ], [ 3.772433042526359, 6.536695003509578 ], [ 3.763135910034237, 6.53247594833374 ], [ 3.751024961471614, 6.525306224823055 ], [ 3.738214015960807, 6.517689228057975 ], [ 3.727996110916251, 6.513484001159725 ], [ 3.722706079483089, 6.514495849609375 ], [ 3.702975988388118, 6.50699520111084 ], [ 3.693259954452515, 6.505318164825496 ], [ 3.681648015975952, 6.500444889068717 ], [ 3.672837018966788, 6.497598171234074 ], [ 3.665406942367667, 6.494729042053279 ], [ 3.662120103836173, 6.494400978088493 ], [ 3.661479949951286, 6.494335174560547 ], [ 3.658034086227474, 6.495315074920654 ], [ 3.65713095664978, 6.496480941772461 ], [ 3.655314922332707, 6.498356819152775 ], [ 3.655093908309993, 6.498819828033447 ], [ 3.651870965957698, 6.499337196350154 ], [ 3.646321058273372, 6.498507976532039 ], [ 3.645168066024837, 6.49852800369257 ], [ 3.638375997543335, 6.492191791534424 ], [ 3.633940935135001, 6.489039897918815 ], [ 3.631880998611564, 6.489996910095329 ], [ 3.625895977020377, 6.490789890289363 ], [ 3.620616912841854, 6.492493152618408 ], [ 3.618068933487052, 6.491843223571834 ], [ 3.615266084671077, 6.489586830139217 ], [ 3.60992789268505, 6.487604141235295 ], [ 3.606482028961238, 6.488584041595459 ], [ 3.606333971023616, 6.493655204773006 ], [ 3.610328912735099, 6.498195171356315 ], [ 3.612694978713989, 6.501843929290885 ], [ 3.614811897277946, 6.504342079162711 ], [ 3.616489887237549, 6.508230209350643 ], [ 3.615834951400814, 6.510546207428092 ], [ 3.614734888076839, 6.513789176940918 ], [ 3.612680912017879, 6.515206813812256 ], [ 3.609244108200187, 6.516646862030029 ], [ 3.60765099525463, 6.518057823181152 ], [ 3.610013961792049, 6.521474838256836 ], [ 3.610966920852718, 6.523300170898494 ], [ 3.613822937011776, 6.52878379821783 ], [ 3.616899967193717, 6.533569812774772 ], [ 3.619095087051505, 6.540905952453613 ], [ 3.621014118194523, 6.545481204986686 ], [ 3.626430988311824, 6.552303791046199 ], [ 3.628822088241577, 6.557561874389648 ], [ 3.629493951797485, 6.558395862579459 ], [ 3.630470037460441, 6.559607028961238 ], [ 3.635617971420288, 6.564128875732365 ], [ 3.641933917999381, 6.56955099105835 ], [ 3.647793054580802, 6.575213909149227 ], [ 3.652482032775993, 6.579742908477897 ], [ 3.6571559906007, 6.583579063415584 ], [ 3.661628007888908, 6.589035034179688 ], [ 3.666507005691642, 6.591255187988395 ], [ 3.673280954361019, 6.596439838409538 ], [ 3.679820060729924, 6.60139894485485 ], [ 3.686121940612793, 6.605900764465446 ], [ 3.687773942947501, 6.608174800872803 ], [ 3.687139987945613, 6.611874103546256 ], [ 3.685585975647029, 6.615587234497013 ], [ 3.685359954834098, 6.615821838378963 ], [ 3.684042930603084, 6.619991779327393 ], [ 3.683491945266837, 6.628756046295223 ], [ 3.681952953338623, 6.6333909034729 ], [ 3.678328990936279, 6.637598991394043 ], [ 3.672776937484798, 6.636540889740104 ], [ 3.671050071716365, 6.643943786621207 ], [ 3.671830892562923, 6.649462223052979 ], [ 3.674700975418205, 6.655633926391545 ], [ 3.675926923751831, 6.660221099853629 ], [ 3.684648990631217, 6.671824932098389 ], [ 3.690267086028996, 6.676799774170036 ], [ 3.695019006729126, 6.685244083404598 ], [ 3.698661088943425, 6.689045906067008 ], [ 3.903202056884766, 6.687054157257194 ], [ 4.062806129455566, 6.685496807098502 ], [ 4.068204879760856, 6.685444831848258 ], [ 4.074656963348446, 6.684641838073844 ], [ 4.079721927642822, 6.683632850647086 ], [ 4.085464954376278, 6.681921005249023 ], [ 4.089319229125977, 6.677472114562988 ], [ 4.091807842254696, 6.674429893493766 ], [ 4.094236850738639, 6.667469024658317 ], [ 4.092327117919979, 6.663578987121582 ], [ 4.089262008666992, 6.659708976745605 ], [ 4.087131023407096, 6.656284809112606 ], [ 4.084998130798454, 6.652862071990967 ], [ 4.083578109741268, 6.650808811187801 ], [ 4.081230163574332, 6.64831113815319 ], [ 4.079111099243221, 6.645808219909668 ], [ 4.074896812439079, 6.642190933227596 ], [ 4.072813034057617, 6.641765117645321 ], [ 4.065857887268066, 6.640037059783879 ], [ 4.063523769378719, 6.638463020324764 ], [ 4.061406135559139, 6.635960102081242 ], [ 4.061408996581974, 6.636189937591553 ], [ 4.060473918914795, 6.635516166687069 ], [ 4.058320045471305, 6.630706787109432 ], [ 4.055045127868766, 6.627994060516414 ], [ 4.052455902099666, 6.62503814697277 ], [ 4.05008411407465, 6.620926856994629 ], [ 4.048863887786865, 6.617026805877742 ], [ 4.047871112823429, 6.612659931182975 ], [ 4.04804801940918, 6.609426021576041 ], [ 4.046372890472469, 6.605763912200985 ], [ 4.047704219818058, 6.602281093597526 ], [ 4.048099040985107, 6.598122119903564 ], [ 4.049697875976619, 6.597170829772949 ], [ 4.05056190490734, 6.593465805053768 ], [ 4.052616119384822, 6.591814994812012 ], [ 4.05491495132452, 6.591316223144474 ], [ 4.056021213531551, 6.588295936584473 ], [ 4.058057785034293, 6.585725784301815 ], [ 4.058242797851619, 6.582953929901237 ], [ 4.058424949646053, 6.579949855804557 ], [ 4.059033870697078, 6.574635028839168 ], [ 4.058544158935604, 6.572797775268555 ], [ 4.05779409408575, 6.569349765777645 ], [ 4.057753086090145, 6.566812992096061 ], [ 4.057940006256047, 6.564042091369743 ], [ 4.058833122253418, 6.562180042266959 ], [ 4.061826229095402, 6.561668872833195 ], [ 4.064362049102897, 6.561394214630184 ], [ 4.067120075225944, 6.560655117034969 ], [ 4.07056903839117, 6.559672832489014 ], [ 4.074243068695125, 6.558457851409912 ], [ 4.076303005218563, 6.557498931884766 ], [ 4.077446937560978, 6.556787014007568 ], [ 4.079484939575252, 6.554216861724967 ], [ 4.081068992614746, 6.552342891693172 ], [ 4.081953048705998, 6.549789905548209 ], [ 4.083746910095215, 6.546528816223201 ], [ 4.084433078765926, 6.546057224273738 ], [ 4.086028099060059, 6.544874191284293 ], [ 4.08763694763195, 6.544388771057243 ], [ 4.089717864990348, 6.544582843780631 ], [ 4.09410285949707, 6.544507026672306 ], [ 4.097837924957389, 6.546979904174918 ], [ 4.107625007629508, 6.552581787109489 ], [ 4.110681056976375, 6.555990219116211 ], [ 4.113965988159293, 6.559165000915584 ], [ 4.120738983154354, 6.564124107360897 ], [ 4.121908187866268, 6.56502723693859 ], [ 4.127046108245906, 6.568630218505916 ], [ 4.131042957305965, 6.573178768158073 ], [ 4.13546180725092, 6.575178146362362 ], [ 4.139400959015006, 6.57603216171276 ], [ 4.146152019500789, 6.579378128051758 ], [ 4.150784969329891, 6.580453872680778 ], [ 4.160528182983512, 6.583286762237663 ], [ 4.172342777252311, 6.585853099823112 ], [ 4.178584098815861, 6.586208820343018 ], [ 4.186669826507568, 6.586532115936336 ], [ 4.193140029907283, 6.586883068084717 ], [ 4.196835041046086, 6.587051868438721 ], [ 4.199831962585506, 6.586769104003906 ], [ 4.201899051666373, 6.586041927337646 ], [ 4.202804088592643, 6.584873199463004 ], [ 4.20530891418457, 6.582754135131893 ], [ 4.208702087402344, 6.578311920166016 ], [ 4.209599971771354, 6.576913833618164 ], [ 4.211307048797551, 6.5747971534729 ], [ 4.211865901947078, 6.574107170105037 ], [ 4.213216781616211, 6.57200479507452 ], [ 4.21457576751709, 6.570368766784782 ], [ 4.215909004211483, 6.567115783691406 ], [ 4.219062805175838, 6.562215805053825 ], [ 4.218790054321403, 6.559683799743652 ], [ 4.218995094299316, 6.558065891265926 ], [ 4.219876766204891, 6.555512905120906 ], [ 4.220321178436393, 6.554353237152156 ], [ 4.220529079437313, 6.552965164184684 ], [ 4.221173763275203, 6.549954891204777 ], [ 4.220890998840389, 6.546730041503906 ], [ 4.217851161956844, 6.544242858886719 ], [ 4.215491771698055, 6.541285037994498 ], [ 4.214063167572021, 6.538540840149039 ], [ 4.21100378036499, 6.534901142120361 ], [ 4.202839851379508, 6.529734134674072 ], [ 4.198421001434383, 6.527732849121151 ], [ 4.196331024170036, 6.527077198028621 ], [ 4.190979957580566, 6.524401187896785 ], [ 4.188182830810547, 6.522834777831974 ], [ 4.18329477310192, 6.520378112792969 ], [ 4.181200027465934, 6.519260883331299 ], [ 4.177011013031063, 6.517255783080998 ], [ 4.169810771942196, 6.514609813690242 ], [ 4.166561126709098, 6.513511180877742 ], [ 4.157709121704158, 6.508587837219295 ], [ 4.155127048492432, 6.505862236023006 ], [ 4.151342868804932, 6.500391960144157 ], [ 4.149668216705436, 6.496727943420353 ], [ 4.148664951324463, 6.491899967193547 ], [ 4.150874137878532, 6.485634803772086 ], [ 4.151061058044434, 6.482861042022705 ], [ 4.152177810669002, 6.480536937713737 ], [ 4.155821800231934, 6.477476119995174 ], [ 4.157642841339168, 6.475830078125057 ], [ 4.159461975097656, 6.473951816558895 ], [ 4.163101196289062, 6.470661163330192 ], [ 4.166992187500057, 6.468519210815487 ], [ 4.174811840057373, 6.466771125793514 ], [ 4.178236961364803, 6.464405059814453 ], [ 4.186294078826904, 6.462882041931266 ], [ 4.191119194030875, 6.461417198181152 ], [ 4.198258876800651, 6.460372924804744 ], [ 4.201949119567814, 6.460079193115291 ], [ 4.206282138824463, 6.456774234771842 ], [ 4.211812973022575, 6.456217765808105 ], [ 4.220365047454834, 6.442461013793945 ], [ 4.228349208831844, 6.436327934265137 ], [ 4.229941844940186, 6.434916973114014 ], [ 4.236846923828239, 6.433646202087459 ], [ 4.239369869232291, 6.432679176330566 ], [ 4.243312835693359, 6.433766841888541 ], [ 4.247044086456299, 6.436008930206413 ], [ 4.250312805175838, 6.438261032104606 ], [ 4.253338813781795, 6.439824104309082 ], [ 4.25356912612915, 6.439819812774658 ], [ 4.25753116607666, 6.442059993743896 ], [ 4.260063171386776, 6.441556930541992 ], [ 4.265135765075684, 6.441237926483268 ], [ 4.273423194885311, 6.439713001251278 ], [ 4.277565956115723, 6.438949108123893 ], [ 4.284488201141414, 6.438601016998348 ], [ 4.28814888000494, 6.436462879180965 ], [ 4.292488098144588, 6.433620929718018 ], [ 4.295485019683952, 6.433338165283203 ], [ 4.303596019744873, 6.435277938842773 ], [ 4.310084819793815, 6.436779975891113 ], [ 4.31633186340332, 6.437594890594482 ], [ 4.322092056274471, 6.436807155609131 ], [ 4.328333854675293, 6.437393188476506 ], [ 4.332940101623592, 6.436622142791805 ], [ 4.338646888732967, 6.432601928711051 ], [ 4.342555999755916, 6.431612968444824 ], [ 4.347043991088981, 6.42346286773693 ], [ 4.347846031189079, 6.416063785553035 ], [ 4.348236083984489, 6.41144514083868 ], [ 4.34699106216425, 6.405929088592586 ], [ 4.346913814544791, 6.401085853576717 ], [ 4.344776153564453, 6.397429943084717 ], [ 4.343101024627742, 6.39376783370983 ], [ 4.342800140380973, 6.389389038085938 ], [ 4.342270851135311, 6.385248184204158 ], [ 4.343082904815788, 6.378313064575138 ], [ 4.342410087585563, 6.373194217681942 ], [ 4.340693950653076, 6.373194217681942 ], [ 4.340693950653076, 6.373472213745117 ], [ 4.339305877685604, 6.373472213745117 ], [ 4.339305877685604, 6.373750209808406 ], [ 4.338193893432674, 6.373750209808406 ], [ 4.338193893432674, 6.374028205871582 ], [ 4.33624982833868, 6.374028205871582 ], [ 4.33624982833868, 6.374306201934928 ], [ 4.334305763244686, 6.374306201934928 ], [ 4.334305763244686, 6.374584197998047 ], [ 4.331527233123893, 6.374584197998047 ], [ 4.331527233123893, 6.374862194061393 ], [ 4.330695152282658, 6.374862194061393 ], [ 4.330695152282658, 6.375137805938721 ], [ 4.329861164093074, 6.375137805938721 ], [ 4.329861164093074, 6.37541580200201 ], [ 4.327083110809269, 6.37541580200201 ], [ 4.327083110809269, 6.375693798065186 ], [ 4.324861049652156, 6.375693798065186 ], [ 4.324861049652156, 6.375971794128475 ], [ 4.322916984558219, 6.375971794128475 ], [ 4.322916984558219, 6.37624979019165 ], [ 4.321805000305233, 6.37624979019165 ], [ 4.321805000305233, 6.37652778625494 ], [ 4.32041692733776, 6.37652778625494 ], [ 4.32041692733776, 6.376805782318115 ], [ 4.319581985473633, 6.376805782318115 ], [ 4.319581985473633, 6.377083778381461 ], [ 4.319303989410514, 6.377083778381461 ], [ 4.319303989410514, 6.376805782318115 ], [ 4.319028854370231, 6.376805782318115 ], [ 4.319028854370231, 6.377083778381461 ], [ 4.31819391250616, 6.377083778381461 ], [ 4.31819391250616, 6.377359867096004 ], [ 4.317083835601807, 6.377359867096004 ], [ 4.317083835601807, 6.377083778381461 ], [ 4.316805839538631, 6.377083778381461 ], [ 4.316805839538631, 6.377359867096004 ], [ 4.315971851348877, 6.377359867096004 ], [ 4.315971851348877, 6.377637863159123 ], [ 4.313471794128418, 6.377637863159123 ], [ 4.313471794128418, 6.377915859222469 ], [ 4.312915802001953, 6.377915859222469 ], [ 4.312915802001953, 6.378193855285588 ], [ 4.312637805938778, 6.378193855285588 ], [ 4.312637805938778, 6.377915859222469 ], [ 4.31013822555542, 6.377915859222469 ], [ 4.31013822555542, 6.378193855285588 ], [ 4.309862136840877, 6.378193855285588 ], [ 4.309862136840877, 6.377915859222469 ], [ 4.307084083557243, 6.377915859222469 ], [ 4.307084083557243, 6.378193855285588 ], [ 4.306806087493953, 6.378193855285588 ], [ 4.306806087493953, 6.378471851348934 ], [ 4.306249141693172, 6.378471851348934 ], [ 4.306249141693172, 6.378749847412109 ], [ 4.303749084472713, 6.378749847412109 ], [ 4.303749084472713, 6.379028797149715 ], [ 4.302917003631705, 6.379028797149715 ], [ 4.302917003631705, 6.379303932189941 ], [ 4.302083015441895, 6.379303932189941 ], [ 4.302083015441895, 6.379581928253288 ], [ 4.300694942474422, 6.379581928253288 ], [ 4.300694942474422, 6.379303932189941 ], [ 4.299304962158317, 6.379303932189941 ], [ 4.299304962158317, 6.379581928253288 ], [ 4.296250820159969, 6.379581928253288 ], [ 4.296250820159969, 6.379859924316463 ], [ 4.292081832885799, 6.379859924316463 ], [ 4.292081832885799, 6.380137920379752 ], [ 4.289859771728516, 6.380137920379752 ], [ 4.289859771728516, 6.380416870117188 ], [ 4.287916183471793, 6.380416870117188 ], [ 4.287916183471793, 6.380694866180534 ], [ 4.28569412231451, 6.380694866180534 ], [ 4.28569412231451, 6.380972862243652 ], [ 4.284584045410156, 6.380972862243652 ], [ 4.284584045410156, 6.381250858306998 ], [ 4.282916069030705, 6.381250858306998 ], [ 4.282916069030705, 6.381528854370174 ], [ 4.281805992126522, 6.381528854370174 ], [ 4.281805992126522, 6.381250858306998 ], [ 4.281527996063232, 6.381250858306998 ], [ 4.281527996063232, 6.380972862243652 ], [ 4.280415058135986, 6.380972862243652 ], [ 4.280415058135986, 6.381250858306998 ], [ 4.27708292007452, 6.381250858306998 ], [ 4.27708292007452, 6.381528854370174 ], [ 4.274304866790715, 6.381528854370174 ], [ 4.274304866790715, 6.381804943084717 ], [ 4.273194789886588, 6.381804943084717 ], [ 4.273194789886588, 6.381528854370174 ], [ 4.272082805633602, 6.381528854370174 ], [ 4.272082805633602, 6.381804943084717 ], [ 4.27097320556652, 6.381804943084717 ], [ 4.27097320556652, 6.382082939148006 ], [ 4.270695209503174, 6.382082939148006 ], [ 4.270695209503174, 6.382360935211182 ], [ 4.267917156219596, 6.382360935211182 ], [ 4.267917156219596, 6.382638931274528 ], [ 4.26763916015625, 6.382638931274528 ], [ 4.26763916015625, 6.382916927337646 ], [ 4.267361164093131, 6.382916927337646 ], [ 4.267361164093131, 6.382638931274528 ], [ 4.266807079315242, 6.382638931274528 ], [ 4.266807079315242, 6.382360935211182 ], [ 4.26541614532465, 6.382360935211182 ], [ 4.26541614532465, 6.382638931274528 ], [ 4.265138149261531, 6.382638931274528 ], [ 4.265138149261531, 6.382916927337646 ], [ 4.263750076294002, 6.382916927337646 ], [ 4.263750076294002, 6.382638931274528 ], [ 4.260972023010254, 6.382638931274528 ], [ 4.260972023010254, 6.382916927337646 ], [ 4.260416030883789, 6.382916927337646 ], [ 4.260416030883789, 6.383194923400993 ], [ 4.259860038757324, 6.383194923400993 ], [ 4.259860038757324, 6.382916927337646 ], [ 4.259583950042725, 6.382916927337646 ], [ 4.259583950042725, 6.383194923400993 ], [ 4.258471965789795, 6.383194923400993 ], [ 4.258471965789795, 6.383472919464111 ], [ 4.257083892822322, 6.383472919464111 ], [ 4.257083892822322, 6.383194923400993 ], [ 4.256805896759147, 6.383194923400993 ], [ 4.256805896759147, 6.383472919464111 ], [ 4.250970840454158, 6.383472919464111 ], [ 4.250970840454158, 6.383194923400993 ], [ 4.247917175293082, 6.383194923400993 ], [ 4.247917175293082, 6.383472919464111 ], [ 4.246805191040153, 6.383472919464111 ], [ 4.246805191040153, 6.383750915527457 ], [ 4.245417118072623, 6.383750915527457 ], [ 4.245417118072623, 6.384028911590576 ], [ 4.24376916885376, 6.384028911590576 ], [ 4.243505001068172, 6.38433408737194 ] ] ] } },
{ "type": "Feature", "properties": { "NAME_1": "Lagos", "NAME_2": "Eti-Osa" }, "geometry": { "type": "Polygon", "coordinates": [ [ [ 3.404932975769157, 6.447135925292969 ], [ 3.406514883041325, 6.44796085357666 ], [ 3.410011053085327, 6.450205802917594 ], [ 3.410940885543823, 6.450650215149039 ], [ 3.411881923675651, 6.451787948608512 ], [ 3.413053989410457, 6.452919960021973 ], [ 3.414483070373535, 6.455661773681641 ], [ 3.415673017501888, 6.457945823669547 ], [ 3.415494918823356, 6.461173057556266 ], [ 3.415788888931331, 6.465085983276424 ], [ 3.417715072631893, 6.470122814178467 ], [ 3.418904066085815, 6.472406864166373 ], [ 3.419645071029777, 6.475389957428035 ], [ 3.420345067978019, 6.475837230682373 ], [ 3.423330068588257, 6.475096225738582 ], [ 3.427033901214656, 6.475722789764461 ], [ 3.427263975143433, 6.475722789764461 ], [ 3.430701017379874, 6.474279880523682 ], [ 3.433192014694214, 6.471473217010498 ], [ 3.435697078704834, 6.469357967376766 ], [ 3.438194990158195, 6.46701002120983 ], [ 3.440218925476188, 6.463750839233455 ], [ 3.441330909729118, 6.461197853088493 ], [ 3.444046020507812, 6.457924842834529 ], [ 3.446538925170955, 6.455117225647086 ], [ 3.448141098022404, 6.454400062561035 ], [ 3.452769994735831, 6.455243110656681 ], [ 3.45462799072277, 6.456133842468375 ], [ 3.457714080810604, 6.461380958557186 ], [ 3.459614038467407, 6.464804172515926 ], [ 3.461508035659904, 6.467766761779785 ], [ 3.465451002120972, 6.469083786010799 ], [ 3.467283964157161, 6.468361854553223 ], [ 3.475281000137443, 6.463615894317741 ], [ 3.47826695442194, 6.462875843048096 ], [ 3.486556053161621, 6.461813926696777 ], [ 3.491652011871395, 6.463109970092773 ], [ 3.494424104690495, 6.463293075561523 ], [ 3.4956409931184, 6.467189788818473 ], [ 3.498243093490714, 6.471292018890381 ], [ 3.501734972000122, 6.473307132721004 ], [ 3.505202054977417, 6.473708152771053 ], [ 3.509335994720516, 6.472486972808952 ], [ 3.514873981475887, 6.472623825073185 ], [ 3.519706010818595, 6.471852779388485 ], [ 3.52497506141674, 6.469687938690299 ], [ 3.527959108352661, 6.468715190887451 ], [ 3.53377294540411, 6.471611976623535 ], [ 3.538667917251701, 6.474753856658992 ], [ 3.54356408119213, 6.477897167205924 ], [ 3.550096035003719, 6.482396125793457 ], [ 3.555459022521973, 6.485992908477783 ], [ 3.561984062194824, 6.490028858184871 ], [ 3.564802885055656, 6.493206024169922 ], [ 3.567620038986206, 6.496152877807617 ], [ 3.569061040878239, 6.49958610534668 ], [ 3.569586992263794, 6.50372505187994 ], [ 3.570574045181274, 6.507624149322567 ], [ 3.573915004730281, 6.514482021331844 ], [ 3.575134992599601, 6.518607139587516 ], [ 3.578644037246761, 6.521774768829459 ], [ 3.582343101501522, 6.522173881530762 ], [ 3.585820913314819, 6.523265838623161 ], [ 3.589057922363338, 6.523672103881893 ], [ 3.593219995498714, 6.52429389953619 ], [ 3.597156047821045, 6.525147914886531 ], [ 3.602233886718807, 6.525291919708252 ], [ 3.607742071151847, 6.523587226867676 ], [ 3.610013961792049, 6.521474838256836 ], [ 3.60765099525463, 6.518057823181152 ], [ 3.609244108200187, 6.516646862030029 ], [ 3.612680912017879, 6.515206813812256 ], [ 3.614734888076839, 6.513789176940918 ], [ 3.615834951400814, 6.510546207428092 ], [ 3.616489887237549, 6.508230209350643 ], [ 3.614811897277946, 6.504342079162711 ], [ 3.612694978713989, 6.501843929290885 ], [ 3.610328912735099, 6.498195171356315 ], [ 3.606333971023616, 6.493655204773006 ], [ 3.606482028961238, 6.488584041595459 ], [ 3.60992789268505, 6.487604141235295 ], [ 3.615266084671077, 6.489586830139217 ], [ 3.618068933487052, 6.491843223571834 ], [ 3.620616912841854, 6.492493152618408 ], [ 3.625895977020377, 6.490789890289363 ], [ 3.631880998611564, 6.489996910095329 ], [ 3.633940935135001, 6.489039897918815 ], [ 3.638375997543335, 6.492191791534424 ], [ 3.645168066024837, 6.49852800369257 ], [ 3.646321058273372, 6.498507976532039 ], [ 3.651870965957698, 6.499337196350154 ], [ 3.655093908309993, 6.498819828033447 ], [ 3.655314922332707, 6.498356819152775 ], [ 3.65713095664978, 6.496480941772461 ], [ 3.658034086227474, 6.495315074920654 ], [ 3.661479949951286, 6.494335174560547 ], [ 3.662120103836173, 6.494400978088493 ], [ 3.664648056030273, 6.490593910217399 ], [ 3.664870977401733, 6.490129947662467 ], [ 3.665976047515926, 6.487113952636832 ], [ 3.667282104492244, 6.482254981994629 ], [ 3.668091058731136, 6.475328922271729 ], [ 3.667161941528434, 6.474882125854606 ], [ 3.664836883544922, 6.473770141601676 ], [ 3.662730932235775, 6.471962928771973 ], [ 3.658086061477718, 6.469967842102051 ], [ 3.654143095016479, 6.468653202056885 ], [ 3.6474289894104, 6.467151165008545 ], [ 3.6439208984375, 6.464216232299918 ], [ 3.639472007751408, 6.460144996643066 ], [ 3.636137962341365, 6.453750133514404 ], [ 3.632405042648372, 6.451046943664494 ], [ 3.629604101181144, 6.449022769927979 ], [ 3.62838006019598, 6.444664955139103 ], [ 3.627419948577824, 6.442377090454215 ], [ 3.625013113021907, 6.436195850372314 ], [ 3.622832059860173, 6.429780006408635 ], [ 3.621262073516959, 6.424861907959098 ], [ 3.619307041168327, 6.424861907959098 ], [ 3.619307041168327, 6.424583911895752 ], [ 3.619859933853206, 6.424583911895752 ], [ 3.619859933853206, 6.424305915832633 ], [ 3.614583969116268, 6.424305915832633 ], [ 3.614583969116268, 6.424583911895752 ], [ 3.613749980926514, 6.424583911895752 ], [ 3.613749980926514, 6.424861907959098 ], [ 3.612915992736873, 6.424861907959098 ], [ 3.612915992736873, 6.424583911895752 ], [ 3.61069393157959, 6.424583911895752 ], [ 3.61069393157959, 6.424305915832633 ], [ 3.609584093093929, 6.424305915832633 ], [ 3.609584093093929, 6.424583911895752 ], [ 3.607362031936646, 6.424583911895752 ], [ 3.607362031936646, 6.424305915832633 ], [ 3.606805086135864, 6.424305915832633 ], [ 3.606805086135864, 6.424027919769287 ], [ 3.606527090072689, 6.424027919769287 ], [ 3.606527090072689, 6.424305915832633 ], [ 3.606249094009399, 6.424305915832633 ], [ 3.606249094009399, 6.424027919769287 ], [ 3.605971097946224, 6.424027919769287 ], [ 3.605971097946224, 6.424305915832633 ], [ 3.603194952011222, 6.424305915832633 ], [ 3.603194952011222, 6.424027919769287 ], [ 3.602916955947933, 6.424027919769287 ], [ 3.602916955947933, 6.424305915832633 ], [ 3.602082967758292, 6.424305915832633 ], [ 3.602082967758292, 6.424583911895752 ], [ 3.594304084777889, 6.424583911895752 ], [ 3.594304084777889, 6.424305915832633 ], [ 3.59375095367426, 6.424305915832633 ], [ 3.59375095367426, 6.424583911895752 ], [ 3.59291601181036, 6.424583911895752 ], [ 3.59291601181036, 6.424305915832633 ], [ 3.587084054946956, 6.424305915832633 ], [ 3.587084054946956, 6.424027919769287 ], [ 3.584306001663208, 6.424027919769287 ], [ 3.584306001663208, 6.423749923706168 ], [ 3.57819509506237, 6.423749923706168 ], [ 3.57819509506237, 6.424027919769287 ], [ 3.577639102935905, 6.424027919769287 ], [ 3.577639102935905, 6.423749923706168 ], [ 3.57708311080944, 6.423749923706168 ], [ 3.57708311080944, 6.424027919769287 ], [ 3.57569503784174, 6.424027919769287 ], [ 3.57569503784174, 6.423749923706168 ], [ 3.575139045715446, 6.423749923706168 ], [ 3.575139045715446, 6.423471927642822 ], [ 3.574583053588981, 6.423471927642822 ], [ 3.574583053588981, 6.423193931579704 ], [ 3.574305057525692, 6.423193931579704 ], [ 3.574305057525692, 6.423471927642822 ], [ 3.573194980621338, 6.423471927642822 ], [ 3.573194980621338, 6.423749923706168 ], [ 3.572082996368351, 6.423749923706168 ], [ 3.572082996368351, 6.423471927642822 ], [ 3.570138931274414, 6.423471927642822 ], [ 3.570138931274414, 6.423193931579704 ], [ 3.569304943084774, 6.423193931579704 ], [ 3.569304943084774, 6.422917842865104 ], [ 3.568473100662288, 6.422917842865104 ], [ 3.568473100662288, 6.423193931579704 ], [ 3.56680703163147, 6.423193931579704 ], [ 3.56680703163147, 6.422917842865104 ], [ 3.565416097641048, 6.422917842865104 ], [ 3.565416097641048, 6.423193931579704 ], [ 3.563750028610229, 6.423193931579704 ], [ 3.563750028610229, 6.423471927642822 ], [ 3.561527967453117, 6.423471927642822 ], [ 3.561527967453117, 6.423193931579704 ], [ 3.557915925979728, 6.423193931579704 ], [ 3.557915925979728, 6.422917842865104 ], [ 3.556528091430778, 6.422917842865104 ], [ 3.556528091430778, 6.423193931579704 ], [ 3.555972099304313, 6.423193931579704 ], [ 3.555972099304313, 6.422917842865104 ], [ 3.554028034210319, 6.422917842865104 ], [ 3.554028034210319, 6.423193931579704 ], [ 3.547638893127441, 6.423193931579704 ], [ 3.547638893127441, 6.422917842865104 ], [ 3.546251058578491, 6.422917842865104 ], [ 3.546251058578491, 6.423193931579704 ], [ 3.545417070388851, 6.423193931579704 ], [ 3.545417070388851, 6.422917842865104 ], [ 3.543751001358032, 6.422917842865104 ], [ 3.543751001358032, 6.422639846801815 ], [ 3.543195009231567, 6.422639846801815 ], [ 3.543195009231567, 6.422917842865104 ], [ 3.542083024978638, 6.422917842865104 ], [ 3.542083024978638, 6.422639846801815 ], [ 3.541250944137573, 6.422639846801815 ], [ 3.541250944137573, 6.422917842865104 ], [ 3.539582014083862, 6.422917842865104 ], [ 3.539582014083862, 6.423193931579704 ], [ 3.53902888298046, 6.423193931579704 ], [ 3.53902888298046, 6.422917842865104 ], [ 3.532638072967529, 6.422917842865104 ], [ 3.532638072967529, 6.422361850738639 ], [ 3.529861927032528, 6.422361850738639 ], [ 3.529861927032528, 6.422639846801815 ], [ 3.529027938842773, 6.422639846801815 ], [ 3.529027938842773, 6.422917842865104 ], [ 3.525970935821533, 6.422917842865104 ], [ 3.525970935821533, 6.422639846801815 ], [ 3.525418043136654, 6.422639846801815 ], [ 3.525418043136654, 6.422361850738639 ], [ 3.524583101272583, 6.422361850738639 ], [ 3.524583101272583, 6.422639846801815 ], [ 3.524305105209407, 6.422639846801815 ], [ 3.524305105209407, 6.422361850738639 ], [ 3.52236104011547, 6.422361850738639 ], [ 3.52236104011547, 6.42208385467535 ], [ 3.521805047988948, 6.42208385467535 ], [ 3.521805047988948, 6.421805858612174 ], [ 3.521527051925659, 6.421805858612174 ], [ 3.521527051925659, 6.421527862548828 ], [ 3.521249055862484, 6.421527862548828 ], [ 3.521249055862484, 6.421805858612174 ], [ 3.520694971084595, 6.421805858612174 ], [ 3.520694971084595, 6.421527862548828 ], [ 3.518750905990657, 6.421527862548828 ], [ 3.518750905990657, 6.421805858612174 ], [ 3.518472909927482, 6.421805858612174 ], [ 3.518472909927482, 6.42208385467535 ], [ 3.517360925674552, 6.42208385467535 ], [ 3.517360925674552, 6.421805858612174 ], [ 3.513195037841797, 6.421805858612174 ], [ 3.513195037841797, 6.421527862548828 ], [ 3.512916088104362, 6.421527862548828 ], [ 3.512916088104362, 6.421249866485709 ], [ 3.511528015136719, 6.421249866485709 ], [ 3.511528015136719, 6.421527862548828 ], [ 3.510972023010197, 6.421527862548828 ], [ 3.510972023010197, 6.421805858612174 ], [ 3.510416030883732, 6.421805858612174 ], [ 3.510416030883732, 6.42208385467535 ], [ 3.509583950042725, 6.42208385467535 ], [ 3.509583950042725, 6.421805858612174 ], [ 3.508471965789795, 6.421805858612174 ], [ 3.508471965789795, 6.42208385467535 ], [ 3.508193969726619, 6.42208385467535 ], [ 3.508193969726619, 6.422639846801815 ], [ 3.50791597366333, 6.422639846801815 ], [ 3.50791597366333, 6.422361850738639 ], [ 3.507361888885612, 6.422361850738639 ], [ 3.507361888885612, 6.42208385467535 ], [ 3.507083892822266, 6.42208385467535 ], [ 3.507083892822266, 6.421805858612174 ], [ 3.505415916442871, 6.421805858612174 ], [ 3.505415916442871, 6.42208385467535 ], [ 3.504028081893864, 6.42208385467535 ], [ 3.504028081893864, 6.421805858612174 ], [ 3.500972032546997, 6.421805858612174 ], [ 3.500972032546997, 6.42208385467535 ], [ 3.500693082809505, 6.42208385467535 ], [ 3.500693082809505, 6.421805858612174 ], [ 3.499861955642814, 6.421805858612174 ], [ 3.499861955642814, 6.42208385467535 ], [ 3.497638940811214, 6.42208385467535 ], [ 3.497638940811214, 6.421805858612174 ], [ 3.497360944748038, 6.421805858612174 ], [ 3.497360944748038, 6.42208385467535 ], [ 3.496248960495109, 6.42208385467535 ], [ 3.496248960495109, 6.421805858612174 ], [ 3.493473052978629, 6.421805858612174 ], [ 3.493473052978629, 6.42208385467535 ], [ 3.492083072662354, 6.42208385467535 ], [ 3.492083072662354, 6.421805858612174 ], [ 3.485415935516357, 6.421805858612174 ], [ 3.485415935516357, 6.421527862548828 ], [ 3.479305982589835, 6.421527862548828 ], [ 3.479305982589835, 6.421249866485709 ], [ 3.469027042388973, 6.421249866485709 ], [ 3.469027042388973, 6.421527862548828 ], [ 3.441526889801139, 6.421527862548828 ], [ 3.441526889801139, 6.421805858612174 ], [ 3.432637929916325, 6.421805858612174 ], [ 3.432637929916325, 6.42208385467535 ], [ 3.425971984863338, 6.42208385467535 ], [ 3.425971984863338, 6.422361850738639 ], [ 3.42430591583252, 6.422361850738639 ], [ 3.42430591583252, 6.42208385467535 ], [ 3.422915935516414, 6.42208385467535 ], [ 3.422915935516414, 6.422361850738639 ], [ 3.421806097030753, 6.422361850738639 ], [ 3.421806097030753, 6.422639846801815 ], [ 3.420972108840999, 6.422639846801815 ], [ 3.420972108840999, 6.422361850738639 ], [ 3.420414924621696, 6.422361850738639 ], [ 3.420414924621696, 6.42208385467535 ], [ 3.415971040725765, 6.42208385467535 ], [ 3.415971040725765, 6.421805858612174 ], [ 3.415138959884757, 6.421805858612174 ], [ 3.415138959884757, 6.421249866485709 ], [ 3.414026975631828, 6.421249866485709 ], [ 3.414026975631828, 6.421527862548828 ], [ 3.412360906601009, 6.421527862548828 ], [ 3.412360906601009, 6.421249866485709 ], [ 3.412082910537833, 6.421249866485709 ], [ 3.412082910537833, 6.420970916748104 ], [ 3.411804914474544, 6.420970916748104 ], [ 3.411804914474544, 6.420417785644474 ], [ 3.411526918411369, 6.420417785644474 ], [ 3.411526918411369, 6.420139789581356 ], [ 3.410695075988883, 6.420139789581356 ], [ 3.410695075988883, 6.41986179351801 ], [ 3.410139083862418, 6.41986179351801 ], [ 3.410139083862418, 6.419304847717285 ], [ 3.409861087799072, 6.419304847717285 ], [ 3.409861087799072, 6.41902685165411 ], [ 3.409305095672607, 6.41902685165411 ], [ 3.409305095672607, 6.418748855590763 ], [ 3.408751010894889, 6.418748855590763 ], [ 3.408751010894889, 6.418470859527645 ], [ 3.408195018768424, 6.418470859527645 ], [ 3.408195018768424, 6.418192863464299 ], [ 3.407917022705078, 6.418192863464299 ], [ 3.407917022705078, 6.417916774749756 ], [ 3.407361030578613, 6.417916774749756 ], [ 3.407361030578613, 6.417638778686637 ], [ 3.407083034515495, 6.417638778686637 ], [ 3.407083034515495, 6.417082786560115 ], [ 3.406804084777889, 6.417082786560115 ], [ 3.406804084777889, 6.416251182556152 ], [ 3.406528949737606, 6.416251182556152 ], [ 3.406528949737606, 6.415695190429688 ], [ 3.40625095367426, 6.415695190429688 ], [ 3.40625095367426, 6.415139198303223 ], [ 3.405972957611141, 6.415139198303223 ], [ 3.405972957611141, 6.414305210113582 ], [ 3.405694961547965, 6.414305210113582 ], [ 3.405694961547965, 6.41375112533575 ], [ 3.40541601181036, 6.41375112533575 ], [ 3.40541601181036, 6.413195133209229 ], [ 3.405138015747013, 6.413195133209229 ], [ 3.405138015747013, 6.412361145019645 ], [ 3.404860019683895, 6.412361145019645 ], [ 3.404860019683895, 6.411527156829834 ], [ 3.404582023620549, 6.411527156829834 ], [ 3.404582023620549, 6.410973072052116 ], [ 3.404306888580322, 6.410973072052116 ], [ 3.404306888580322, 6.410139083862362 ], [ 3.404027938842887, 6.410139083862362 ], [ 3.404027938842887, 6.409305095672721 ], [ 3.403749942779541, 6.409305095672721 ], [ 3.403749942779541, 6.408751010894832 ], [ 3.403471946716365, 6.408751010894832 ], [ 3.403471946716365, 6.407639026641903 ], [ 3.403193950653076, 6.407639026641903 ], [ 3.403193950653076, 6.405972003936768 ], [ 3.402915954589901, 6.405972003936768 ], [ 3.402915954589901, 6.404115200042838 ], [ 3.402915954589901, 6.403749942779655 ], [ 3.402637958526611, 6.403749942779655 ], [ 3.402637958526611, 6.401527881622371 ], [ 3.402915954589901, 6.401527881622371 ], [ 3.402915954589901, 6.399861812591553 ], [ 3.403193950653076, 6.39985990524292 ], [ 3.403193950653076, 6.398749828338566 ], [ 3.403471946716365, 6.398749828338566 ], [ 3.403471946716365, 6.397637844085807 ], [ 3.403749942779541, 6.397637844085807 ], [ 3.403749942779541, 6.395693778991642 ], [ 3.403193950653076, 6.395693778991642 ], [ 3.403193950653076, 6.396527767181453 ], [ 3.402915954589901, 6.396527767181453 ], [ 3.402915954589901, 6.397637844085807 ], [ 3.402637958526611, 6.397637844085807 ], [ 3.402637958526611, 6.398749828338566 ], [ 3.402359962463436, 6.398749828338566 ], [ 3.402359962463436, 6.399583816528377 ], [ 3.402084112167415, 6.399583816528377 ], [ 3.402084112167415, 6.399861812591553 ], [ 3.401806116104069, 6.399861812591553 ], [ 3.401806116104069, 6.399583816528377 ], [ 3.400971889495963, 6.399583816528377 ], [ 3.400971889495963, 6.399305820465031 ], [ 3.400415897369498, 6.399305820465031 ], [ 3.400415897369498, 6.399027824401912 ], [ 3.399584054946956, 6.399027824401912 ], [ 3.399584054946956, 6.398749828338566 ], [ 3.399028062820491, 6.398749828338566 ], [ 3.399028062820491, 6.398471832275447 ], [ 3.39819407463068, 6.398471832275447 ], [ 3.39819407463068, 6.398193836212272 ], [ 3.397361993789673, 6.398193836212272 ], [ 3.397361993789673, 6.397915840148983 ], [ 3.396806001663208, 6.397915840148983 ], [ 3.396806001663208, 6.397637844085807 ], [ 3.395972013473568, 6.397637844085807 ], [ 3.395972013473568, 6.397362232208309 ], [ 3.395709991455078, 6.397362232208309 ], [ 3.395834922790584, 6.397903919220028 ], [ 3.395821094513053, 6.398118972778434 ], [ 3.395925998687801, 6.39834022521967 ], [ 3.38972711563116, 6.408383846283073 ], [ 3.389070987701416, 6.410698890686149 ], [ 3.389214038848877, 6.419451236724854 ], [ 3.38995289802557, 6.42243480682373 ], [ 3.391416072845459, 6.427249908447266 ], [ 3.392400026321468, 6.431149959564209 ], [ 3.393605947494507, 6.434354782104492 ], [ 3.394360065460319, 6.438259124755859 ], [ 3.397883892059326, 6.442117214202881 ], [ 3.400919914245719, 6.44436883926403 ], [ 3.403955936431885, 6.446622848510799 ], [ 3.404932975769157, 6.447135925292969 ] ] ] } },
{ "type": "Feature", "properties": { "NAME_1": "Lagos", "NAME_2": "Ibeju/Lekki" }, "geometry": { "type": "MultiPolygon", "coordinates": [ [ [ [ 4.243505001068172, 6.38433408737194 ], [ 4.240972995758057, 6.384305000305176 ], [ 4.240972995758057, 6.384582996368465 ], [ 4.239306926727409, 6.384582996368465 ], [ 4.239306926727409, 6.384860992431641 ], [ 4.236249923706168, 6.384860992431641 ], [ 4.236249923706168, 6.38513898849493 ], [ 4.235415935516414, 6.38513898849493 ], [ 4.235415935516414, 6.385416984558105 ], [ 4.232083797454891, 6.385416984558105 ], [ 4.232083797454891, 6.385694980621395 ], [ 4.230415821075496, 6.385694980621395 ], [ 4.230415821075496, 6.38597297668457 ], [ 4.228750228881893, 6.38597297668457 ], [ 4.228750228881893, 6.386250972747916 ], [ 4.226806163787955, 6.386250972747916 ], [ 4.226806163787955, 6.386527061462459 ], [ 4.225696086883602, 6.386527061462459 ], [ 4.225696086883602, 6.386805057525578 ], [ 4.223471164703426, 6.386805057525578 ], [ 4.223471164703426, 6.387083053588924 ], [ 4.221805095672551, 6.387083053588924 ], [ 4.221805095672551, 6.387361049652043 ], [ 4.217360973358154, 6.387361049652043 ], [ 4.217360973358154, 6.387639045715389 ], [ 4.21541690826416, 6.387639045715389 ], [ 4.21541690826416, 6.387917041778564 ], [ 4.213472843170223, 6.387917041778564 ], [ 4.213472843170223, 6.388195037841854 ], [ 4.212081909179631, 6.388195037841854 ], [ 4.212081909179631, 6.388471126556396 ], [ 4.211528778076229, 6.388471126556396 ], [ 4.211528778076229, 6.388749122619743 ], [ 4.209859848022518, 6.388749122619743 ], [ 4.209859848022518, 6.389027118682918 ], [ 4.205694198608512, 6.389027118682918 ], [ 4.205694198608512, 6.389305114746207 ], [ 4.204862117767448, 6.389305114746207 ], [ 4.204862117767448, 6.389583110809383 ], [ 4.204028129577694, 6.389583110809383 ], [ 4.204028129577694, 6.389861106872672 ], [ 4.202640056610164, 6.389861106872672 ], [ 4.202638149261588, 6.389583110809383 ], [ 4.201528072357235, 6.389583110809383 ], [ 4.201528072357235, 6.389861106872672 ], [ 4.20097208023077, 6.389861106872672 ], [ 4.20097208023077, 6.390139102935848 ], [ 4.19958400726324, 6.390139102935848 ], [ 4.19958400726324, 6.390417098998967 ], [ 4.197638988494987, 6.390417098998967 ], [ 4.197638988494987, 6.390695095062313 ], [ 4.194582939148063, 6.390695095062313 ], [ 4.194582939148063, 6.390971183776855 ], [ 4.193748950958252, 6.390971183776855 ], [ 4.193748950958252, 6.391249179840202 ], [ 4.192082881927604, 6.391249179840202 ], [ 4.192082881927604, 6.39152717590332 ], [ 4.190138816833496, 6.39152717590332 ], [ 4.190138816833496, 6.391805171966666 ], [ 4.188473224639893, 6.391805171966666 ], [ 4.188473224639893, 6.392361164093131 ], [ 4.186529159545898, 6.392361164093131 ], [ 4.186529159545898, 6.392640113830566 ], [ 4.185695171356315, 6.392640113830566 ], [ 4.185695171356315, 6.392918109893913 ], [ 4.181250095367375, 6.392918109893913 ], [ 4.181250095367375, 6.393196105957031 ], [ 4.180138111114616, 6.393196105957031 ], [ 4.180138111114616, 6.39347076416027 ], [ 4.179028034210262, 6.39347076416027 ], [ 4.179028034210262, 6.393749237060661 ], [ 4.177916049957332, 6.393749237060661 ], [ 4.177916049957332, 6.394028186798096 ], [ 4.176805973052979, 6.394028186798096 ], [ 4.176805973052979, 6.394306182861385 ], [ 4.17513990402233, 6.394306182861385 ], [ 4.17513990402233, 6.394584178924561 ], [ 4.174583911895866, 6.394584178924561 ], [ 4.174583911895866, 6.39486217498785 ], [ 4.173471927642936, 6.39486217498785 ], [ 4.173471927642936, 6.395140171051025 ], [ 4.172361850738582, 6.395140171051025 ], [ 4.172361850738582, 6.395418167114371 ], [ 4.171248912811336, 6.395418167114371 ], [ 4.171248912811336, 6.395693778991642 ], [ 4.169304847717342, 6.395693778991642 ], [ 4.169304847717342, 6.395971775054988 ], [ 4.166526794433594, 6.395971775054988 ], [ 4.166526794433594, 6.396249771118164 ], [ 4.165139198303336, 6.396249771118164 ], [ 4.165139198303336, 6.396527767181453 ], [ 4.163473129272518, 6.396527767181453 ], [ 4.163473129272518, 6.396805763244629 ], [ 4.161805152893066, 6.396805763244629 ], [ 4.161805152893066, 6.39708423614502 ], [ 4.160973072052059, 6.39708423614502 ], [ 4.160973072052059, 6.397362232208309 ], [ 4.159861087799129, 6.397362232208309 ], [ 4.159861087799129, 6.397637844085807 ], [ 4.156805992126465, 6.397637844085807 ], [ 4.156805992126465, 6.397915840148983 ], [ 4.15513801574707, 6.397915840148983 ], [ 4.15513801574707, 6.398193836212272 ], [ 4.154027938842887, 6.398193836212272 ], [ 4.154027938842887, 6.399027824401912 ], [ 4.154305934906063, 6.399027824401912 ], [ 4.154305934906063, 6.399305820465031 ], [ 4.154027938842887, 6.399305820465031 ], [ 4.154027938842887, 6.400415897369385 ], [ 4.153749942779541, 6.400415897369385 ], [ 4.153749942779541, 6.401249885559196 ], [ 4.153471946716422, 6.401249885559196 ], [ 4.153471946716422, 6.402359962463379 ], [ 4.153193950653076, 6.402359962463379 ], [ 4.153193950653076, 6.402637958526725 ], [ 4.152915954589957, 6.402637958526725 ], [ 4.152915954589957, 6.402359962463379 ], [ 4.152637958526611, 6.402359962463379 ], [ 4.152637958526611, 6.399583816528377 ], [ 4.152359962463493, 6.399583816528377 ], [ 4.152359962463493, 6.399027824401912 ], [ 4.152083873748722, 6.399027824401912 ], [ 4.152083873748722, 6.398749828338566 ], [ 4.151249885559139, 6.398749828338566 ], [ 4.151249885559139, 6.399027824401912 ], [ 4.150415897369498, 6.399027824401912 ], [ 4.150415897369498, 6.399305820465031 ], [ 4.149305820465145, 6.399305820465031 ], [ 4.149305820465145, 6.399583816528377 ], [ 4.147084236145076, 6.399583816528377 ], [ 4.147084236145076, 6.399861812591553 ], [ 4.145140171051139, 6.399861812591553 ], [ 4.145140171051139, 6.400137901306266 ], [ 4.143749237060547, 6.400137901306266 ], [ 4.143749237060547, 6.400415897369385 ], [ 4.143195152282829, 6.400415897369385 ], [ 4.143195152282829, 6.400693893432731 ], [ 4.140971183776969, 6.400693893432731 ], [ 4.140971183776969, 6.400971889495906 ], [ 4.14041709899908, 6.400971889495906 ], [ 4.14041709899908, 6.401249885559196 ], [ 4.139305114746151, 6.401249885559196 ], [ 4.139305114746151, 6.401527881622371 ], [ 4.138195037841797, 6.401527881622371 ], [ 4.138195037841797, 6.401805877685661 ], [ 4.136250972747803, 6.401805877685661 ], [ 4.136250972747803, 6.402083873748836 ], [ 4.134860992431697, 6.402083873748836 ], [ 4.134860992431697, 6.402359962463379 ], [ 4.133750915527344, 6.402359962463379 ], [ 4.133750915527344, 6.402637958526725 ], [ 4.132081985473633, 6.402637958526725 ], [ 4.132081985473633, 6.402915954589844 ], [ 4.12985992431652, 6.402915954589844 ], [ 4.12985992431652, 6.40319395065319 ], [ 4.128471851348877, 6.40319395065319 ], [ 4.128471851348877, 6.403471946716309 ], [ 4.127637863159237, 6.403471946716309 ], [ 4.127637863159237, 6.403749942779655 ], [ 4.126805782318229, 6.403749942779655 ], [ 4.126805782318229, 6.404027938842773 ], [ 4.125693798065242, 6.404027938842773 ], [ 4.125693798065242, 6.40430593490612 ], [ 4.124306201934814, 6.40430593490612 ], [ 4.124306201934814, 6.404583930969295 ], [ 4.123194217681885, 6.404583930969295 ], [ 4.123194217681885, 6.404860019683838 ], [ 4.12236213684082, 6.404860019683838 ], [ 4.12236213684082, 6.405138015747127 ], [ 4.119584083557243, 6.405138015747127 ], [ 4.119584083557243, 6.405231952667236 ], [ 4.119584083557243, 6.405416011810303 ], [ 4.118645191192684, 6.405416011810303 ], [ 4.116805076599178, 6.405416011810303 ], [ 4.116809844970646, 6.405725955963135 ], [ 4.115694999694824, 6.405694007873649 ], [ 4.115694999694824, 6.405972003936768 ], [ 4.115344047546444, 6.405972003936768 ], [ 4.114583015441895, 6.405972003936768 ], [ 4.114583015441895, 6.406099796295166 ], [ 4.114583015441895, 6.406250953674373 ], [ 4.113472938537711, 6.406250953674373 ], [ 4.113471031188965, 6.406528949737549 ], [ 4.112082958221436, 6.406528949737549 ], [ 4.112082958221436, 6.406806945800838 ], [ 4.110138893127498, 6.406806945800838 ], [ 4.110138893127498, 6.407082080841121 ], [ 4.109028816223145, 6.407082080841121 ], [ 4.109028816223145, 6.407360076904297 ], [ 4.107082843780574, 6.407360076904297 ], [ 4.107082843780574, 6.407639026641903 ], [ 4.105960845947266, 6.407639026641903 ], [ 4.105972766876221, 6.407917022705021 ], [ 4.105137825012264, 6.407917022705021 ], [ 4.105137825012264, 6.408195018768367 ], [ 4.104029178619442, 6.408195018768367 ], [ 4.104029178619442, 6.408473014831486 ], [ 4.102637767791862, 6.408473014831486 ], [ 4.102637767791862, 6.408751010894832 ], [ 4.100694179534912, 6.408751010894832 ], [ 4.100694179534912, 6.409027099609375 ], [ 4.098472118377799, 6.409027099609375 ], [ 4.098472118377799, 6.409305095672721 ], [ 4.097362041473446, 6.409305095672721 ], [ 4.097362041473446, 6.40958309173584 ], [ 4.09597206115717, 6.40958309173584 ], [ 4.09597206115717, 6.409861087799186 ], [ 4.094861984252987, 6.409861087799186 ], [ 4.094861984252987, 6.410139083862362 ], [ 4.093472003936768, 6.410139083862362 ], [ 4.093472003936768, 6.410417079925651 ], [ 4.09180593490612, 6.410417079925651 ], [ 4.09180593490612, 6.410695075988826 ], [ 4.088748931884879, 6.410695075988826 ], [ 4.088748931884879, 6.410973072052116 ], [ 4.087360858917179, 6.410973072052116 ], [ 4.087360858917179, 6.411251068115291 ], [ 4.085972785949707, 6.411251068115291 ], [ 4.085972785949707, 6.411527156829834 ], [ 4.085138797760067, 6.411527156829834 ], [ 4.085138797760067, 6.41180515289318 ], [ 4.083751201629639, 6.41180515289318 ], [ 4.083748817443791, 6.412083148956299 ], [ 4.082361221313533, 6.412083148956299 ], [ 4.082361221313533, 6.412361145019645 ], [ 4.08125114440918, 6.412361145019645 ], [ 4.08125114440918, 6.412639141082764 ], [ 4.08013916015625, 6.412639141082764 ], [ 4.08013916015625, 6.41291713714611 ], [ 4.078751087188778, 6.41291713714611 ], [ 4.078751087188778, 6.413195133209229 ], [ 4.076528072357178, 6.413195133209229 ], [ 4.076528072357178, 6.413473129272575 ], [ 4.075694084167537, 6.413473129272575 ], [ 4.075694084167537, 6.41375112533575 ], [ 4.074028015136719, 6.41375112533575 ], [ 4.074028015136719, 6.414027214050293 ], [ 4.072360038757324, 6.414027214050293 ], [ 4.072360038757324, 6.414305210113582 ], [ 4.069583892822322, 6.414305210113582 ], [ 4.069583892822322, 6.414583206176758 ], [ 4.068471908569336, 6.414583206176758 ], [ 4.068471908569336, 6.414861202240104 ], [ 4.067083835601863, 6.414861202240104 ], [ 4.067083835601863, 6.415139198303223 ], [ 4.065851211547852, 6.415139198303223 ], [ 4.065139770507869, 6.415139198303223 ], [ 4.065139770507869, 6.415298938751278 ], [ 4.065139770507869, 6.415417194366569 ], [ 4.064618110656738, 6.415417194366569 ], [ 4.064026832580623, 6.415417194366569 ], [ 4.064026832580623, 6.415548801422119 ], [ 4.064026832580623, 6.415695190429688 ], [ 4.063386917114258, 6.415695190429688 ], [ 4.062360763549805, 6.415695190429688 ], [ 4.062360763549805, 6.415973186493034 ], [ 4.062153816223145, 6.415973186493034 ], [ 4.060417175293082, 6.415973186493034 ], [ 4.060417175293082, 6.416251182556152 ], [ 4.059027194976807, 6.416251182556152 ], [ 4.059027194976807, 6.416526794433651 ], [ 4.057639122009334, 6.416526794433651 ], [ 4.057639122009334, 6.416804790496826 ], [ 4.057083129882812, 6.416804790496826 ], [ 4.057089805603084, 6.417115211486873 ], [ 4.055417060851994, 6.417082786560115 ], [ 4.055417060851994, 6.417360782623291 ], [ 4.054028987884521, 6.417360782623291 ], [ 4.054027080535946, 6.417638778686637 ], [ 4.05236101150507, 6.417638778686637 ], [ 4.05236101150507, 6.417916774749756 ], [ 4.050972938537598, 6.417916774749756 ], [ 4.050972938537598, 6.418192863464299 ], [ 4.050693988800163, 6.418192863464299 ], [ 4.050693988800163, 6.417916774749756 ], [ 4.048749923706168, 6.417916774749756 ], [ 4.048749923706168, 6.418192863464299 ], [ 4.047361850738525, 6.418192863464299 ], [ 4.047359943389893, 6.418470859527645 ], [ 4.046527862548885, 6.418470859527645 ], [ 4.046527862548885, 6.418748855590763 ], [ 4.044861793518066, 6.418748855590763 ], [ 4.044861793518066, 6.41902685165411 ], [ 4.042915821075496, 6.41902685165411 ], [ 4.042915821075496, 6.419304847717285 ], [ 4.040694236755428, 6.419304847717285 ], [ 4.040694236755428, 6.419582843780574 ], [ 4.038471221923828, 6.419582843780574 ], [ 4.038471221923828, 6.41986179351801 ], [ 4.037083148956356, 6.41986179351801 ], [ 4.037083148956356, 6.420139789581356 ], [ 4.035139083862362, 6.420139789581356 ], [ 4.035139083862362, 6.420417785644474 ], [ 4.034861087799015, 6.420417785644474 ], [ 4.034861087799015, 6.420139789581356 ], [ 4.034305095672551, 6.420139789581356 ], [ 4.034305095672551, 6.420417785644474 ], [ 4.031249046325627, 6.420417785644474 ], [ 4.031249046325627, 6.420692920684928 ], [ 4.029860973358154, 6.420692920684928 ], [ 4.029860973358154, 6.420970916748104 ], [ 4.027638912201041, 6.420970916748104 ], [ 4.027638912201041, 6.421249866485709 ], [ 4.023471832275447, 6.421249866485709 ], [ 4.023471832275447, 6.421527862548828 ], [ 4.022359848022518, 6.421527862548828 ], [ 4.022359848022518, 6.421805858612174 ], [ 4.021249771118164, 6.421805858612174 ], [ 4.021249771118164, 6.42208385467535 ], [ 4.020137786865234, 6.42208385467535 ], [ 4.020137786865234, 6.422361850738639 ], [ 4.018750190734977, 6.422361850738639 ], [ 4.018750190734977, 6.422639846801815 ], [ 4.015694141388053, 6.422639846801815 ], [ 4.015694141388053, 6.422917842865104 ], [ 4.014584064483699, 6.422917842865104 ], [ 4.014584064483699, 6.423193931579704 ], [ 4.013194084167594, 6.423193931579704 ], [ 4.013194084167594, 6.423471927642822 ], [ 4.011806011199894, 6.423471927642822 ], [ 4.011806011199894, 6.42362213134777 ], [ 4.011806011199894, 6.423749923706168 ], [ 4.010665893554631, 6.423749923706168 ], [ 4.009305000305176, 6.423749923706168 ], [ 4.009305000305176, 6.423902034759521 ], [ 4.009305000305176, 6.424027919769287 ], [ 4.008170127868596, 6.424027919769287 ], [ 4.006804943084717, 6.424027919769287 ], [ 4.006804943084717, 6.424180030822811 ], [ 4.006804943084717, 6.424305915832633 ], [ 4.005138874054069, 6.424305915832633 ], [ 4.005138874054069, 6.424583911895752 ], [ 4.004304885864315, 6.424583911895752 ], [ 4.004304885864315, 6.424861907959098 ], [ 4.003748893737793, 6.424861907959098 ], [ 4.003748893737793, 6.425139904022217 ], [ 4.00152683258068, 6.425139904022217 ], [ 4.001520156860465, 6.424861907959098 ], [ 4.000695228576717, 6.424861907959098 ], [ 4.000695228576717, 6.425139904022217 ], [ 4.000139236450252, 6.425139904022217 ], [ 3.999583005905265, 6.425139904022217 ], [ 3.999583005905265, 6.425693988800106 ], [ 3.999028921127376, 6.425693988800106 ], [ 3.999028921127376, 6.425971984863281 ], [ 3.99875092506403, 6.425971984863281 ], [ 3.99875092506403, 6.426249980926571 ], [ 3.995971918106136, 6.426249980926571 ], [ 3.995971918106136, 6.426527976989746 ], [ 3.995693922042847, 6.426527976989746 ], [ 3.995693922042847, 6.426805973053092 ], [ 3.99319410324108, 6.426805973053092 ], [ 3.99319410324108, 6.427083969116211 ], [ 3.991528034210262, 6.427083969116211 ], [ 3.991528034210262, 6.427360057830754 ], [ 3.990694046020451, 6.427360057830754 ], [ 3.990694046020451, 6.4276380538941 ], [ 3.989861965179443, 6.4276380538941 ], [ 3.989860057830867, 6.427916049957219 ], [ 3.988749980926514, 6.427916049957219 ], [ 3.988749980926514, 6.428194046020565 ], [ 3.98430609703064, 6.428194046020565 ], [ 3.98430609703064, 6.42847204208374 ], [ 3.983748912811336, 6.42847204208374 ], [ 3.983748912811336, 6.428750038147029 ], [ 3.982639074325675, 6.428750038147029 ], [ 3.982639074325675, 6.429028034210205 ], [ 3.979583024978751, 6.429028034210205 ], [ 3.979583024978751, 6.429306030273494 ], [ 3.97874903678894, 6.429306030273494 ], [ 3.97874903678894, 6.42958402633667 ], [ 3.977916955947933, 6.42958402633667 ], [ 3.977916955947933, 6.429860115051383 ], [ 3.976250886917114, 6.429860115051383 ], [ 3.976250886917114, 6.42958402633667 ], [ 3.975138902664185, 6.42958402633667 ], [ 3.975138902664185, 6.429860115051383 ], [ 3.973473072052059, 6.429860115051383 ], [ 3.973473072052059, 6.430138111114559 ], [ 3.971803903579826, 6.430138111114559 ], [ 3.971803903579826, 6.430416107177848 ], [ 3.9709730148316, 6.430416107177848 ], [ 3.9709730148316, 6.430694103241024 ], [ 3.969306945800781, 6.430694103241024 ], [ 3.969306945800781, 6.430972099304142 ], [ 3.967083930969352, 6.430972099304142 ], [ 3.967082023620605, 6.431250095367488 ], [ 3.966527938842887, 6.431250095367488 ], [ 3.966527938842887, 6.430972099304142 ], [ 3.966249942779541, 6.430972099304142 ], [ 3.966249942779541, 6.431250095367488 ], [ 3.965971946716422, 6.431250095367488 ], [ 3.965971946716422, 6.430972099304142 ], [ 3.965137958526611, 6.430972099304142 ], [ 3.965137958526611, 6.431250095367488 ], [ 3.964584112167415, 6.431250095367488 ], [ 3.964584112167415, 6.431528091430607 ], [ 3.961528062820548, 6.431528091430607 ], [ 3.961528062820548, 6.431806087493953 ], [ 3.960694074630737, 6.431806087493953 ], [ 3.960694074630737, 6.432082176208496 ], [ 3.959028005600089, 6.432082176208496 ], [ 3.959028005600089, 6.432360172271842 ], [ 3.958193063735962, 6.432360172271842 ], [ 3.958193063735962, 6.432082176208496 ], [ 3.956526994705143, 6.432082176208496 ], [ 3.956526994705143, 6.432360172271842 ], [ 3.95430493354803, 6.432360172271842 ], [ 3.95430493354803, 6.432082176208496 ], [ 3.95347094535822, 6.432082176208496 ], [ 3.95347094535822, 6.432360172271842 ], [ 3.95291709899908, 6.432360172271842 ], [ 3.95291709899908, 6.432638168334961 ], [ 3.951248884201107, 6.432638168334961 ], [ 3.951248884201107, 6.432916164398307 ], [ 3.949305057525692, 6.432916164398307 ], [ 3.949305057525692, 6.433194160461483 ], [ 3.947082996368408, 6.433194160461483 ], [ 3.947082996368408, 6.433473110199088 ], [ 3.944307088851929, 6.433473110199088 ], [ 3.944303989410514, 6.433194160461483 ], [ 3.94319391250616, 6.433194160461483 ], [ 3.94319391250616, 6.432916164398307 ], [ 3.942915916442985, 6.432916164398307 ], [ 3.942915916442985, 6.433194160461483 ], [ 3.941806077957153, 6.433194160461483 ], [ 3.941806077957153, 6.433473110199088 ], [ 3.941528081894035, 6.433473110199088 ], [ 3.941528081894035, 6.433194160461483 ], [ 3.94097208976757, 6.433194160461483 ], [ 3.94097208976757, 6.433473110199088 ], [ 3.939860105514583, 6.433473110199088 ], [ 3.939860105514583, 6.433751106262207 ], [ 3.93958401680004, 6.433751106262207 ], [ 3.93958401680004, 6.434029102325553 ], [ 3.938472032547111, 6.434029102325553 ], [ 3.938472032547111, 6.434307098388672 ], [ 3.937361955642757, 6.434307098388672 ], [ 3.937360048294181, 6.434582233428955 ], [ 3.936249971389827, 6.434582233428955 ], [ 3.936249971389827, 6.434307098388672 ], [ 3.935693979263363, 6.434307098388672 ], [ 3.935693979263363, 6.434029102325553 ], [ 3.935139894485474, 6.434029102325553 ], [ 3.935139894485474, 6.434307098388672 ], [ 3.934027910232487, 6.434307098388672 ], [ 3.934027910232487, 6.434582233428955 ], [ 3.933749914169368, 6.434582233428955 ], [ 3.933749914169368, 6.434307098388672 ], [ 3.933193922042904, 6.434307098388672 ], [ 3.933193922042904, 6.434582233428955 ], [ 3.932084083557243, 6.434582233428955 ], [ 3.932084083557243, 6.434307098388672 ], [ 3.931806087493896, 6.434307098388672 ], [ 3.931806087493896, 6.434582233428955 ], [ 3.931528091430778, 6.434582233428955 ], [ 3.931528091430778, 6.434307098388672 ], [ 3.931250095367432, 6.434307098388672 ], [ 3.931250095367432, 6.434582233428955 ], [ 3.930970907211304, 6.434582233428955 ], [ 3.930970907211304, 6.434307098388672 ], [ 3.930696010589543, 6.434307098388672 ], [ 3.930692911148128, 6.434582233428955 ], [ 3.930418014526424, 6.434582233428955 ], [ 3.930418014526424, 6.434861183166561 ], [ 3.929305076599178, 6.434861183166561 ], [ 3.929305076599178, 6.435139179229736 ], [ 3.928194999694824, 6.435139179229736 ], [ 3.928194999694824, 6.434861183166561 ], [ 3.927639007568359, 6.434861183166561 ], [ 3.927639007568359, 6.435139179229736 ], [ 3.927083015441895, 6.435139179229736 ], [ 3.927083015441895, 6.435417175293026 ], [ 3.926805019378719, 6.435417175293026 ], [ 3.926805019378719, 6.435139179229736 ], [ 3.92652702331543, 6.435139179229736 ], [ 3.92652702331543, 6.435417175293026 ], [ 3.926249027252254, 6.435417175293026 ], [ 3.926249027252254, 6.435139179229736 ], [ 3.924304962158317, 6.435139179229736 ], [ 3.924304962158317, 6.434861183166561 ], [ 3.923194885253963, 6.434861183166561 ], [ 3.923194885253963, 6.435139179229736 ], [ 3.922082901000977, 6.435139179229736 ], [ 3.922082901000977, 6.435417175293026 ], [ 3.920695066452026, 6.435417175293026 ], [ 3.920695066452026, 6.435695171356201 ], [ 3.919861078262386, 6.435695171356201 ], [ 3.919861078262386, 6.435973167419547 ], [ 3.919305086135921, 6.435973167419547 ], [ 3.919305086135921, 6.436251163482666 ], [ 3.919028997421378, 6.436251163482666 ], [ 3.919028997421378, 6.435973167419547 ], [ 3.918751001358032, 6.435973167419547 ], [ 3.918751001358032, 6.436251163482666 ], [ 3.91625094413763, 6.436251163482666 ], [ 3.91625094413763, 6.436529159546012 ], [ 3.91319394111639, 6.436529159546012 ], [ 3.91319394111639, 6.43680477142334 ], [ 3.911250114440975, 6.43680477142334 ], [ 3.911250114440975, 6.436529159546012 ], [ 3.910972118377799, 6.436529159546012 ], [ 3.910972118377799, 6.436251163482666 ], [ 3.909584045410099, 6.436251163482666 ], [ 3.909584045410099, 6.436529159546012 ], [ 3.907916069030875, 6.436529159546012 ], [ 3.907916069030875, 6.43680477142334 ], [ 3.905417919159049, 6.43680477142334 ], [ 3.905417919159049, 6.437082767486629 ], [ 3.901804924011344, 6.437082767486629 ], [ 3.901804924011344, 6.437360763549805 ], [ 3.899861097335929, 6.437360763549805 ], [ 3.899861097335929, 6.437639236450195 ], [ 3.899305105209407, 6.437639236450195 ], [ 3.899305105209407, 6.437360763549805 ], [ 3.899027109146118, 6.437360763549805 ], [ 3.899027109146118, 6.437639236450195 ], [ 3.897639036178589, 6.437639236450195 ], [ 3.897639036178589, 6.437360763549805 ], [ 3.896527051925659, 6.437360763549805 ], [ 3.896527051925659, 6.437639236450195 ], [ 3.895138978958187, 6.437639236450195 ], [ 3.895138978958187, 6.437360763549805 ], [ 3.891804933548087, 6.437360763549805 ], [ 3.891804933548087, 6.437639236450195 ], [ 3.891529083252067, 6.437639236450195 ], [ 3.891529083252067, 6.437917232513485 ], [ 3.890417098999137, 6.437917232513485 ], [ 3.890417098999137, 6.43819522857666 ], [ 3.889029026031608, 6.43819522857666 ], [ 3.889029026031608, 6.437917232513485 ], [ 3.887916088104191, 6.437917232513485 ], [ 3.887916088104191, 6.437639236450195 ], [ 3.887638092041072, 6.437639236450195 ], [ 3.887638092041072, 6.437917232513485 ], [ 3.886806011200008, 6.437917232513485 ], [ 3.886806011200008, 6.43819522857666 ], [ 3.886250019073543, 6.43819522857666 ], [ 3.886250019073543, 6.437917232513485 ], [ 3.882361888885612, 6.437917232513485 ], [ 3.882361888885612, 6.437639236450195 ], [ 3.881805896759147, 6.437639236450195 ], [ 3.881805896759147, 6.437917232513485 ], [ 3.880971908569336, 6.437917232513485 ], [ 3.880971908569336, 6.437639236450195 ], [ 3.879028081893921, 6.437639236450195 ], [ 3.879028081893921, 6.437360763549805 ], [ 3.877362012863273, 6.437360763549805 ], [ 3.877362012863273, 6.437639236450195 ], [ 3.874583005905208, 6.437639236450195 ], [ 3.874583005905208, 6.437917232513485 ], [ 3.874027013778743, 6.437917232513485 ], [ 3.874027013778743, 6.43819522857666 ], [ 3.87291693687439, 6.43819522857666 ], [ 3.87291693687439, 6.437917232513485 ], [ 3.870417118072623, 6.437917232513485 ], [ 3.870417118072623, 6.43819522857666 ], [ 3.869304895401001, 6.43819522857666 ], [ 3.869304895401001, 6.437917232513485 ], [ 3.868473052978459, 6.437917232513485 ], [ 3.868473052978459, 6.43819522857666 ], [ 3.867917060852164, 6.43819522857666 ], [ 3.867917060852164, 6.438473224639949 ], [ 3.8673610687257, 6.438473224639949 ], [ 3.8673610687257, 6.43819522857666 ], [ 3.866805076599235, 6.43819522857666 ], [ 3.866805076599235, 6.438473224639949 ], [ 3.865139007568416, 6.438473224639949 ], [ 3.865139007568416, 6.43819522857666 ], [ 3.863194942474422, 6.43819522857666 ], [ 3.863194942474422, 6.438473224639949 ], [ 3.862360000610352, 6.438473224639949 ], [ 3.862360000610352, 6.43819522857666 ], [ 3.862082004547176, 6.43819522857666 ], [ 3.862082004547176, 6.438473224639949 ], [ 3.861249923706168, 6.438473224639949 ], [ 3.861249923706168, 6.43819522857666 ], [ 3.860971927642822, 6.43819522857666 ], [ 3.860971927642822, 6.438473224639949 ], [ 3.860137939453239, 6.438473224639949 ], [ 3.860137939453239, 6.438748836517448 ], [ 3.859028100967407, 6.438748836517448 ], [ 3.859028100967407, 6.438473224639949 ], [ 3.858194112777767, 6.438473224639949 ], [ 3.858194112777767, 6.438748836517448 ], [ 3.852639913559017, 6.438748836517448 ], [ 3.852639913559017, 6.439026832580623 ], [ 3.852361917495671, 6.439026832580623 ], [ 3.852361917495671, 6.438748836517448 ], [ 3.850971937179622, 6.438748836517448 ], [ 3.850971937179622, 6.438473224639949 ], [ 3.85014009475708, 6.438473224639949 ], [ 3.85014009475708, 6.43819522857666 ], [ 3.849304914474487, 6.43819522857666 ], [ 3.849304914474487, 6.438473224639949 ], [ 3.848748922348022, 6.438473224639949 ], [ 3.848748922348022, 6.438748836517448 ], [ 3.846527099609432, 6.438748836517448 ], [ 3.846527099609432, 6.439026832580623 ], [ 3.844305038452092, 6.439026832580623 ], [ 3.844305038452092, 6.439304828643742 ], [ 3.840138912201041, 6.439304828643742 ], [ 3.840138912201041, 6.439026832580623 ], [ 3.839860916137695, 6.439026832580623 ], [ 3.839860916137695, 6.439304828643742 ], [ 3.838751077652034, 6.439304828643742 ], [ 3.838751077652034, 6.439026832580623 ], [ 3.837639093399105, 6.439026832580623 ], [ 3.837639093399105, 6.438748836517448 ], [ 3.836251020431632, 6.438748836517448 ], [ 3.836251020431632, 6.439026832580623 ], [ 3.835694074630851, 6.439026832580623 ], [ 3.835694074630851, 6.439304828643742 ], [ 3.834582090377921, 6.439304828643742 ], [ 3.834582090377921, 6.439026832580623 ], [ 3.831805944442692, 6.439026832580623 ], [ 3.831805944442692, 6.439304828643742 ], [ 3.82930588722229, 6.439304828643742 ], [ 3.82930588722229, 6.439582824707088 ], [ 3.827915906906185, 6.439582824707088 ], [ 3.827915906906185, 6.439304828643742 ], [ 3.825972080230713, 6.439304828643742 ], [ 3.825972080230713, 6.439026832580623 ], [ 3.825139999389705, 6.439026832580623 ], [ 3.825139999389705, 6.439304828643742 ], [ 3.823471069335994, 6.439304828643742 ], [ 3.823471069335994, 6.439582824707088 ], [ 3.820138931274528, 6.439582824707088 ], [ 3.820138931274528, 6.439860820770207 ], [ 3.817082881927604, 6.439860820770207 ], [ 3.817082881927604, 6.439582824707088 ], [ 3.816526889801139, 6.439582824707088 ], [ 3.816526889801139, 6.439860820770207 ], [ 3.816251039505119, 6.439860820770207 ], [ 3.816251039505119, 6.439582824707088 ], [ 3.815139055252189, 6.439582824707088 ], [ 3.815139055252189, 6.439304828643742 ], [ 3.812083005905265, 6.439304828643742 ], [ 3.812083005905265, 6.439860820770207 ], [ 3.810972929000911, 6.439860820770207 ], [ 3.810972929000911, 6.439582824707088 ], [ 3.805138111114616, 6.439582824707088 ], [ 3.805138111114616, 6.439304828643742 ], [ 3.804028034210262, 6.439304828643742 ], [ 3.804028034210262, 6.439582824707088 ], [ 3.802916049957332, 6.439582824707088 ], [ 3.802916049957332, 6.439304828643742 ], [ 3.802638053894157, 6.439304828643742 ], [ 3.802638053894157, 6.439026832580623 ], [ 3.802083969116268, 6.439026832580623 ], [ 3.802083969116268, 6.438748836517448 ], [ 3.799861907958984, 6.438748836517448 ], [ 3.799861907958984, 6.439026832580623 ], [ 3.798749923706055, 6.439026832580623 ], [ 3.798749923706055, 6.438748836517448 ], [ 3.796528100967464, 6.438748836517448 ], [ 3.796528100967464, 6.438473224639949 ], [ 3.79458308219921, 6.438473224639949 ], [ 3.79458308219921, 6.43819522857666 ], [ 3.794027090072746, 6.43819522857666 ], [ 3.794027090072746, 6.437917232513485 ], [ 3.792083024978751, 6.437917232513485 ], [ 3.792083024978751, 6.43819522857666 ], [ 3.791527032852287, 6.43819522857666 ], [ 3.791527032852287, 6.437917232513485 ], [ 3.790972948074398, 6.437917232513485 ], [ 3.790972948074398, 6.437639236450195 ], [ 3.789582967758292, 6.437639236450195 ], [ 3.789582967758292, 6.437917232513485 ], [ 3.789026975631828, 6.437917232513485 ], [ 3.789026975631828, 6.437639236450195 ], [ 3.788194894790649, 6.437639236450195 ], [ 3.788194894790649, 6.437360763549805 ], [ 3.785973072052059, 6.437360763549805 ], [ 3.785973072052059, 6.437082767486629 ], [ 3.785695075988883, 6.437082767486629 ], [ 3.785695075988883, 6.437360763549805 ], [ 3.784305095672607, 6.437360763549805 ], [ 3.784305095672607, 6.437082767486629 ], [ 3.781528949737606, 6.437082767486629 ], [ 3.781528949737606, 6.43680477142334 ], [ 3.781250953674316, 6.43680477142334 ], [ 3.781250953674316, 6.436529159546012 ], [ 3.779027938842887, 6.436529159546012 ], [ 3.779027938842887, 6.436251163482666 ], [ 3.778749942779541, 6.436251163482666 ], [ 3.778749942779541, 6.43680477142334 ], [ 3.778471946716422, 6.43680477142334 ], [ 3.778471946716422, 6.436529159546012 ], [ 3.777637958526611, 6.436529159546012 ], [ 3.777637958526611, 6.436251163482666 ], [ 3.775415897369498, 6.436251163482666 ], [ 3.775415897369498, 6.435973167419547 ], [ 3.774862051010132, 6.435973167419547 ], [ 3.774862051010132, 6.436251163482666 ], [ 3.774306058883667, 6.436251163482666 ], [ 3.774306058883667, 6.435973167419547 ], [ 3.773750066757202, 6.435973167419547 ], [ 3.773750066757202, 6.435695171356201 ], [ 3.772639989853019, 6.435695171356201 ], [ 3.772639989853019, 6.435417175293026 ], [ 3.770417928695736, 6.435417175293026 ], [ 3.770417928695736, 6.435695171356201 ], [ 3.769026994705314, 6.435695171356201 ], [ 3.769026994705314, 6.435417175293026 ], [ 3.768748998642025, 6.435417175293026 ], [ 3.768748998642025, 6.435139179229736 ], [ 3.768471002578849, 6.435139179229736 ], [ 3.768471002578849, 6.434861183166561 ], [ 3.767360925674495, 6.434861183166561 ], [ 3.767360925674495, 6.434582233428955 ], [ 3.766526937484684, 6.434582233428955 ], [ 3.766526937484684, 6.434307098388672 ], [ 3.766248941421566, 6.434307098388672 ], [ 3.766248941421566, 6.434582233428955 ], [ 3.764305114746094, 6.434582233428955 ], [ 3.764305114746094, 6.434307098388672 ], [ 3.764027118682975, 6.434307098388672 ], [ 3.764027118682975, 6.434029102325553 ], [ 3.76319503784174, 6.434029102325553 ], [ 3.76319503784174, 6.433751106262207 ], [ 3.762639045715275, 6.433751106262207 ], [ 3.762639045715275, 6.433473110199088 ], [ 3.762361049652156, 6.433473110199088 ], [ 3.762361049652156, 6.433751106262207 ], [ 3.760416984558162, 6.433751106262207 ], [ 3.760416984558162, 6.433473110199088 ], [ 3.760138988494873, 6.433473110199088 ], [ 3.760138988494873, 6.433751106262207 ], [ 3.759582996368351, 6.433751106262207 ], [ 3.759582996368351, 6.433473110199088 ], [ 3.758750915527344, 6.433473110199088 ], [ 3.758750915527344, 6.433194160461483 ], [ 3.758472919464225, 6.433194160461483 ], [ 3.758472919464225, 6.433473110199088 ], [ 3.757916927337703, 6.433473110199088 ], [ 3.757916927337703, 6.433751106262207 ], [ 3.756807088851929, 6.433751106262207 ], [ 3.756803989410514, 6.433473110199088 ], [ 3.755695104598942, 6.433473110199088 ], [ 3.755695104598942, 6.433194160461483 ], [ 3.755417108535823, 6.433194160461483 ], [ 3.755417108535823, 6.432916164398307 ], [ 3.75430703163147, 6.432916164398307 ], [ 3.75430703163147, 6.432638168334961 ], [ 3.752638101577759, 6.432638168334961 ], [ 3.752638101577759, 6.432360172271842 ], [ 3.752360105514583, 6.432360172271842 ], [ 3.752360105514583, 6.432638168334961 ], [ 3.751806020736694, 6.432638168334961 ], [ 3.751806020736694, 6.432360172271842 ], [ 3.7501380443573, 6.432360172271842 ], [ 3.7501380443573, 6.432082176208496 ], [ 3.747915983200187, 6.432082176208496 ], [ 3.747915983200187, 6.431806087493953 ], [ 3.744862079620361, 6.431806087493953 ], [ 3.744862079620361, 6.431528091430607 ], [ 3.744584083557243, 6.431528091430607 ], [ 3.744584083557243, 6.431250095367488 ], [ 3.744306087493896, 6.431250095367488 ], [ 3.744306087493896, 6.431528091430607 ], [ 3.743192911148128, 6.431528091430607 ], [ 3.743192911148128, 6.431250095367488 ], [ 3.739861011505184, 6.431250095367488 ], [ 3.739861011505184, 6.430972099304142 ], [ 3.7376389503479, 6.430972099304142 ], [ 3.7376389503479, 6.430416107177848 ], [ 3.735138893127441, 6.430416107177848 ], [ 3.735138893127441, 6.430138111114559 ], [ 3.733473062515316, 6.430138111114559 ], [ 3.733473062515316, 6.429860115051383 ], [ 3.733195066452026, 6.429860115051383 ], [ 3.733195066452026, 6.430138111114559 ], [ 3.730417013168449, 6.430138111114559 ], [ 3.730417013168449, 6.429860115051383 ], [ 3.730139017105103, 6.429860115051383 ], [ 3.730139017105103, 6.429306030273494 ], [ 3.727085113525504, 6.429306030273494 ], [ 3.727082014083862, 6.429028034210205 ], [ 3.726807117462158, 6.429028034210205 ], [ 3.726804018020744, 6.42958402633667 ], [ 3.725415945053044, 6.42958402633667 ], [ 3.725415945053044, 6.429306030273494 ], [ 3.725137948989925, 6.429306030273494 ], [ 3.725137948989925, 6.429028034210205 ], [ 3.723750114440918, 6.429028034210205 ], [ 3.723750114440918, 6.429306030273494 ], [ 3.723193883895931, 6.429306030273494 ], [ 3.723193883895931, 6.429028034210205 ], [ 3.721528053283805, 6.429028034210205 ], [ 3.721528053283805, 6.428750038147029 ], [ 3.72097206115734, 6.428750038147029 ], [ 3.72097206115734, 6.42847204208374 ], [ 3.720416069030875, 6.42847204208374 ], [ 3.720416069030875, 6.428194046020565 ], [ 3.719583988189697, 6.428194046020565 ], [ 3.719583988189697, 6.427916049957219 ], [ 3.719027996063176, 6.427916049957219 ], [ 3.719027996063176, 6.428194046020565 ], [ 3.718194007873592, 6.428194046020565 ], [ 3.718194007873592, 6.427916049957219 ], [ 3.716249942779598, 6.427916049957219 ], [ 3.716249942779598, 6.4276380538941 ], [ 3.715418100357113, 6.4276380538941 ], [ 3.715418100357113, 6.427916049957219 ], [ 3.715140104293766, 6.427916049957219 ], [ 3.715140104293766, 6.4276380538941 ], [ 3.714304924011344, 6.4276380538941 ], [ 3.714304924011344, 6.427916049957219 ], [ 3.713470935821533, 6.427916049957219 ], [ 3.713470935821533, 6.4276380538941 ], [ 3.712917089462394, 6.4276380538941 ], [ 3.712917089462394, 6.427360057830754 ], [ 3.712639093399048, 6.427360057830754 ], [ 3.712639093399048, 6.4276380538941 ], [ 3.70986104011547, 6.4276380538941 ], [ 3.70986104011547, 6.427360057830754 ], [ 3.706250905990657, 6.427360057830754 ], [ 3.706250905990657, 6.427083969116211 ], [ 3.703195095062256, 6.427083969116211 ], [ 3.703195095062256, 6.427360057830754 ], [ 3.702639102935791, 6.427360057830754 ], [ 3.702639102935791, 6.427083969116211 ], [ 3.700973033905143, 6.427083969116211 ], [ 3.700973033905143, 6.426805973053092 ], [ 3.699306011200008, 6.426805973053092 ], [ 3.699306011200008, 6.426527976989746 ], [ 3.698750019073543, 6.426527976989746 ], [ 3.698750019073543, 6.426805973053092 ], [ 3.698194026947078, 6.426805973053092 ], [ 3.698194026947078, 6.426527976989746 ], [ 3.69652795791626, 6.426527976989746 ], [ 3.69652795791626, 6.426805973053092 ], [ 3.695137977600154, 6.426805973053092 ], [ 3.695137977600154, 6.426527976989746 ], [ 3.694583892822266, 6.426527976989746 ], [ 3.694583892822266, 6.426249980926571 ], [ 3.693749904632682, 6.426249980926571 ], [ 3.693749904632682, 6.426527976989746 ], [ 3.693471908569336, 6.426527976989746 ], [ 3.693471908569336, 6.426805973053092 ], [ 3.693193912506217, 6.426805973053092 ], [ 3.693193912506217, 6.426527976989746 ], [ 3.69069409370428, 6.426527976989746 ], [ 3.69069409370428, 6.426249980926571 ], [ 3.684304952621574, 6.426249980926571 ], [ 3.684304952621574, 6.425971984863281 ], [ 3.682917118072623, 6.425971984863281 ], [ 3.682917118072623, 6.425693988800106 ], [ 3.682638883590755, 6.425693988800106 ], [ 3.682638883590755, 6.425415992736816 ], [ 3.682360887527466, 6.425415992736816 ], [ 3.682360887527466, 6.425693988800106 ], [ 3.681526899337825, 6.425693988800106 ], [ 3.681526899337825, 6.425415992736816 ], [ 3.681251049041805, 6.425415992736816 ], [ 3.681251049041805, 6.425693988800106 ], [ 3.680973052978629, 6.425693988800106 ], [ 3.680973052978629, 6.425415992736816 ], [ 3.680139064788875, 6.425415992736816 ], [ 3.680139064788875, 6.425693988800106 ], [ 3.679583072662354, 6.425693988800106 ], [ 3.679583072662354, 6.425415992736816 ], [ 3.679027080535889, 6.425415992736816 ], [ 3.679027080535889, 6.425693988800106 ], [ 3.678472995758, 6.425693988800106 ], [ 3.678472995758, 6.425139904022217 ], [ 3.677917003631535, 6.425139904022217 ], [ 3.677917003631535, 6.425415992736816 ], [ 3.677639007568416, 6.425415992736816 ], [ 3.677639007568416, 6.425693988800106 ], [ 3.674582004547176, 6.425693988800106 ], [ 3.674582004547176, 6.425415992736816 ], [ 3.672359943389893, 6.425415992736816 ], [ 3.672359943389893, 6.425139904022217 ], [ 3.669306039810294, 6.425139904022217 ], [ 3.669306039810294, 6.424861907959098 ], [ 3.667083978652954, 6.424861907959098 ], [ 3.667083978652954, 6.425139904022217 ], [ 3.666805982589835, 6.425139904022217 ], [ 3.666805982589835, 6.424861907959098 ], [ 3.664861917495841, 6.424861907959098 ], [ 3.664861917495841, 6.425139904022217 ], [ 3.661806106567496, 6.425139904022217 ], [ 3.661806106567496, 6.424861907959098 ], [ 3.660140037536621, 6.424861907959098 ], [ 3.660140037536621, 6.424583911895752 ], [ 3.658749103546256, 6.424583911895752 ], [ 3.658749103546256, 6.424861907959098 ], [ 3.656527042388973, 6.424861907959098 ], [ 3.656527042388973, 6.424583911895752 ], [ 3.655971050262508, 6.424583911895752 ], [ 3.655971050262508, 6.424861907959098 ], [ 3.655694961547908, 6.424861907959098 ], [ 3.655694961547908, 6.425139904022217 ], [ 3.653748989105168, 6.425139904022217 ], [ 3.653748989105168, 6.424861907959098 ], [ 3.653472900390625, 6.424861907959098 ], [ 3.653472900390625, 6.425139904022217 ], [ 3.65180492401123, 6.425139904022217 ], [ 3.65180492401123, 6.424861907959098 ], [ 3.65152907371521, 6.424861907959098 ], [ 3.65152907371521, 6.425139904022217 ], [ 3.651251077652034, 6.425139904022217 ], [ 3.651251077652034, 6.424861907959098 ], [ 3.648751020431575, 6.424861907959098 ], [ 3.648751020431575, 6.424583911895752 ], [ 3.647638082504386, 6.424583911895752 ], [ 3.647638082504386, 6.424861907959098 ], [ 3.646250009536857, 6.424861907959098 ], [ 3.646250009536857, 6.424583911895752 ], [ 3.645972013473511, 6.424583911895752 ], [ 3.645972013473511, 6.424305915832633 ], [ 3.644583940506038, 6.424305915832633 ], [ 3.644582033157462, 6.424583911895752 ], [ 3.643471956253109, 6.424583911895752 ], [ 3.643471956253109, 6.424861907959098 ], [ 3.642362117767448, 6.424861907959098 ], [ 3.642362117767448, 6.424583911895752 ], [ 3.64180588722229, 6.424583911895752 ], [ 3.64180588722229, 6.424861907959098 ], [ 3.64097189903265, 6.424861907959098 ], [ 3.64097189903265, 6.424583911895752 ], [ 3.639584064483699, 6.424583911895752 ], [ 3.639584064483699, 6.424305915832633 ], [ 3.638472080230713, 6.424305915832633 ], [ 3.638472080230713, 6.424583911895752 ], [ 3.636528015136776, 6.424583911895752 ], [ 3.636528015136776, 6.424861907959098 ], [ 3.635972023010311, 6.424861907959098 ], [ 3.635972023010311, 6.425139904022217 ], [ 3.635417938232422, 6.425139904022217 ], [ 3.635417938232422, 6.424861907959098 ], [ 3.635139942169246, 6.424861907959098 ], [ 3.635139942169246, 6.424305915832633 ], [ 3.634027004242, 6.424305915832633 ], [ 3.634027004242, 6.424583911895752 ], [ 3.629026889801139, 6.424583911895752 ], [ 3.629026889801139, 6.424861907959098 ], [ 3.628748893737793, 6.424861907959098 ], [ 3.628748893737793, 6.424583911895752 ], [ 3.627083063125667, 6.424583911895752 ], [ 3.627083063125667, 6.424305915832633 ], [ 3.626527070999202, 6.424305915832633 ], [ 3.626527070999202, 6.424583911895752 ], [ 3.625972986221313, 6.424583911895752 ], [ 3.625972986221313, 6.424861907959098 ], [ 3.622082948684806, 6.424861907959098 ], [ 3.622082948684806, 6.425139904022217 ], [ 3.621807098388786, 6.425139904022217 ], [ 3.6218039989472, 6.424861907959098 ], [ 3.621262073516959, 6.424861907959098 ], [ 3.622832059860173, 6.429780006408635 ], [ 3.625013113021907, 6.436195850372314 ], [ 3.627419948577824, 6.442377090454215 ], [ 3.62838006019598, 6.444664955139103 ], [ 3.629604101181144, 6.449022769927979 ], [ 3.632405042648372, 6.451046943664494 ], [ 3.636137962341365, 6.453750133514404 ], [ 3.639472007751408, 6.460144996643066 ], [ 3.6439208984375, 6.464216232299918 ], [ 3.6474289894104, 6.467151165008545 ], [ 3.654143095016479, 6.468653202056885 ], [ 3.658086061477718, 6.469967842102051 ], [ 3.662730932235775, 6.471962928771973 ], [ 3.664836883544922, 6.473770141601676 ], [ 3.667161941528434, 6.474882125854606 ], [ 3.668091058731136, 6.475328922271729 ], [ 3.667282104492244, 6.482254981994629 ], [ 3.665976047515926, 6.487113952636832 ], [ 3.664870977401733, 6.490129947662467 ], [ 3.664648056030273, 6.490593910217399 ], [ 3.662120103836173, 6.494400978088493 ], [ 3.665406942367667, 6.494729042053279 ], [ 3.672837018966788, 6.497598171234074 ], [ 3.681648015975952, 6.500444889068717 ], [ 3.693259954452515, 6.505318164825496 ], [ 3.702975988388118, 6.50699520111084 ], [ 3.722706079483089, 6.514495849609375 ], [ 3.727996110916251, 6.513484001159725 ], [ 3.738214015960807, 6.517689228057975 ], [ 3.751024961471614, 6.525306224823055 ], [ 3.763135910034237, 6.53247594833374 ], [ 3.772433042526359, 6.536695003509578 ], [ 3.782221078872794, 6.542980194091797 ], [ 3.789891004562378, 6.546539783477897 ], [ 3.798269033432121, 6.551004886627311 ], [ 3.80756497383129, 6.555225849151725 ], [ 3.814694881439209, 6.553952217102108 ], [ 3.825076103210506, 6.554007053375244 ], [ 3.833374023437557, 6.553635120391959 ], [ 3.845606088638306, 6.553887844085693 ], [ 3.850419998169002, 6.551965236663762 ], [ 3.855926036834717, 6.550258159637565 ], [ 3.85823488235485, 6.550219058990592 ], [ 3.86398100852972, 6.548970222473201 ], [ 3.868094921112061, 6.546597003936824 ], [ 3.873790025711173, 6.542120933532715 ], [ 3.881824016571102, 6.539682865142879 ], [ 3.88733696937561, 6.538206100463981 ], [ 3.889548063278255, 6.532408237457389 ], [ 3.89338397979742, 6.52704477310192 ], [ 3.897721052169743, 6.524205207824764 ], [ 3.902237892150936, 6.518137931823674 ], [ 3.906352043151969, 6.515762805938721 ], [ 3.909486055374146, 6.509949207306022 ], [ 3.917762041092033, 6.508195877075138 ], [ 3.926964998245353, 6.506658077239933 ], [ 3.935003042221183, 6.504448890686092 ], [ 3.941895008087272, 6.502718925476074 ], [ 3.947390079498348, 6.500089168548641 ], [ 3.965210914611873, 6.503705978393668 ], [ 3.964441061019954, 6.498880863189754 ], [ 3.967628955841178, 6.49629020690918 ], [ 3.975727081298828, 6.497766971588248 ], [ 3.981029987335262, 6.497677803039608 ], [ 3.984018087387085, 6.496936798095817 ], [ 3.991292953491268, 6.490359783172721 ], [ 3.993546962738094, 6.48709583282465 ], [ 3.994142055511531, 6.481094837188778 ], [ 3.9980149269104, 6.478035926818791 ], [ 4.004883766174373, 6.474923133850154 ], [ 4.013844966888485, 6.472695827484188 ], [ 4.019144058227539, 6.472376823425293 ], [ 4.026716232299862, 6.46971321105957 ], [ 4.030829906463623, 6.467339992523193 ], [ 4.034926891327018, 6.464045047760123 ], [ 4.035161972045955, 6.464270114898738 ], [ 4.036914825439453, 6.458480834960994 ], [ 4.041381835937443, 6.449419975280875 ], [ 4.047749996185303, 6.443782806396428 ], [ 4.05460786819458, 6.439977169036922 ], [ 4.057536125183105, 6.435551166534424 ], [ 4.062080860137883, 6.431327819824219 ], [ 4.069702148437557, 6.431889057159424 ], [ 4.073408126831055, 6.432747840881404 ], [ 4.075944900512638, 6.432703971862793 ], [ 4.080053806304988, 6.430099010467529 ], [ 4.080508232116813, 6.429632186889705 ], [ 4.082118988037109, 6.429375171661434 ], [ 4.085080146789608, 6.427020072937012 ], [ 4.090124130249137, 6.425092220306396 ], [ 4.096754074096737, 6.421292781829891 ], [ 4.099494934082145, 6.419864177703857 ], [ 4.107826232910213, 6.421336174011287 ], [ 4.112248897552547, 6.423795223236141 ], [ 4.117122173309326, 6.425555229187069 ], [ 4.122002124786377, 6.427776813507137 ], [ 4.129191875457821, 6.430191040039062 ], [ 4.133347034454403, 6.430349826812858 ], [ 4.138422966003475, 6.430493831634578 ], [ 4.143488883972111, 6.429948806762809 ], [ 4.15012884140009, 6.426839828491325 ], [ 4.152152061462516, 6.423579216003418 ], [ 4.154423236846981, 6.421237945556754 ], [ 4.158288002014274, 6.417715072631836 ], [ 4.165917873382568, 6.418968200683651 ], [ 4.169840812683105, 6.418901920318604 ], [ 4.172870159149227, 6.420695781707821 ], [ 4.181441783905143, 6.423083782196045 ], [ 4.182364940643424, 6.423068046569881 ], [ 4.188385963439998, 6.424579143524284 ], [ 4.193367958068961, 6.419875144958496 ], [ 4.197762966156006, 6.419580936431998 ], [ 4.201432228088322, 6.418136119842586 ], [ 4.205793857574577, 6.416910171508846 ], [ 4.207499027252197, 6.415617942810002 ], [ 4.209212779998836, 6.41431903839117 ], [ 4.210816860199031, 6.413600921630973 ], [ 4.214938163757381, 6.411685943603629 ], [ 4.21766376495367, 6.409105777740592 ], [ 4.218819141388053, 6.40811014175415 ], [ 4.221759796142578, 6.405580043792781 ], [ 4.22334098815918, 6.403479099273795 ], [ 4.225614070892448, 6.401366233825684 ], [ 4.229239940643367, 6.397388935089111 ], [ 4.230836868286133, 6.39644098281866 ], [ 4.233576774597168, 6.39454889297491 ], [ 4.236074924469051, 6.392203807830867 ], [ 4.238125801086539, 6.390555858612004 ], [ 4.243505001068172, 6.38433408737194 ] ] ], [ [ [ 4.24376916885376, 6.384028911590576 ], [ 4.243473052978516, 6.384028911590576 ], [ 4.243505001068172, 6.38433408737194 ], [ 4.24376916885376, 6.384028911590576 ] ] ] ] } },
{ "type": "Feature", "properties": { "NAME_1": "Lagos", "NAME_2": "Ifako/Ijaye" }, "geometry": { "type": "Polygon", "coordinates": [ [ [ 3.353823900222835, 6.669194221496696 ], [ 3.353102922439575, 6.668454170227164 ], [ 3.349822044372615, 6.665283203125114 ], [ 3.34748291969305, 6.663249969482479 ], [ 3.344912052154655, 6.661220073700008 ], [ 3.34163498878479, 6.658279895782528 ], [ 3.339761018753052, 6.656467914581356 ], [ 3.335767984390316, 6.652157783508358 ], [ 3.332283973693848, 6.648791790008602 ], [ 3.33202600479126, 6.648996829986629 ], [ 3.328299999237004, 6.646753787994498 ], [ 3.32316899299633, 6.64338493347168 ], [ 3.317653894424552, 6.644631862640495 ], [ 3.3147070407868, 6.647906780243034 ], [ 3.310846090316886, 6.65165901184082 ], [ 3.307014942169189, 6.657254219055176 ], [ 3.303148984909114, 6.660775184631348 ], [ 3.299498081207275, 6.663140773773307 ], [ 3.297220945358333, 6.665023803710994 ], [ 3.29404711723339, 6.6683030128479 ], [ 3.28961110115057, 6.672671794891414 ], [ 3.289047956466788, 6.673225879669303 ], [ 3.283756017684993, 6.674007892608699 ], [ 3.280303001403922, 6.674524784088192 ], [ 3.27708292007452, 6.675043106079215 ], [ 3.274327039718628, 6.675780773162899 ], [ 3.272964954376334, 6.67718505859375 ], [ 3.27138090133667, 6.679056167602653 ], [ 3.268189907074031, 6.681415081024227 ], [ 3.267282962799186, 6.682352066040039 ], [ 3.266144990921021, 6.683292865753174 ], [ 3.263617992401237, 6.684024810791072 ], [ 3.258218050003109, 6.692411899566764 ], [ 3.258270978927669, 6.69563722610485 ], [ 3.251667976379338, 6.705109119415283 ], [ 3.252394914627075, 6.706501960754395 ], [ 3.25214505195629, 6.705352783203239 ], [ 3.252841949462891, 6.705572128295898 ], [ 3.258163928985596, 6.706404209136963 ], [ 3.263485908508244, 6.707005023956356 ], [ 3.265988111496029, 6.70696401596075 ], [ 3.267870903015137, 6.706930160522518 ], [ 3.273154020309562, 6.705227851867733 ], [ 3.2770578861236, 6.704006195068359 ], [ 3.282345056533927, 6.702530860900822 ], [ 3.288763046264705, 6.69965314865118 ], [ 3.293591022491512, 6.698417186737061 ], [ 3.299773931503296, 6.695312976837272 ], [ 3.304820060730094, 6.693150043487663 ], [ 3.310794115066471, 6.691433906555176 ], [ 3.317883968353328, 6.687160968780574 ], [ 3.324538946151677, 6.684740066528377 ], [ 3.329591989517269, 6.683040142059269 ], [ 3.337383985519523, 6.679446220398063 ], [ 3.33920788764965, 6.678030967712516 ], [ 3.345607042312679, 6.673998832702637 ], [ 3.350182056427059, 6.671384811401367 ], [ 3.353823900222835, 6.669194221496696 ] ] ] } },
{ "type": "Feature", "properties": { "NAME_1": "Lagos", "NAME_2": "Ikeja" }, "geometry": { "type": "Polygon", "coordinates": [ [ [ 3.369064092636165, 6.644725799560604 ], [ 3.369088888168335, 6.644221782684383 ], [ 3.369499921798763, 6.640987873077449 ], [ 3.370100975036735, 6.635447025299129 ], [ 3.372054100036735, 6.627810001373348 ], [ 3.371998071670646, 6.624354839324951 ], [ 3.371011018753165, 6.620454788208065 ], [ 3.369333028793392, 6.616567134857178 ], [ 3.367662906646672, 6.613139152526855 ], [ 3.367429971695003, 6.612911224365348 ], [ 3.365294933319205, 6.609261989593563 ], [ 3.361787080764827, 6.606324195861873 ], [ 3.359704017639274, 6.605897903442383 ], [ 3.358541011810416, 6.605457782745361 ], [ 3.356890916824398, 6.603181838989201 ], [ 3.355709075927791, 6.601359844207877 ], [ 3.354532003402653, 6.599995136261043 ], [ 3.353831052780151, 6.599318027496395 ], [ 3.35172700881958, 6.597739219665641 ], [ 3.350087881088257, 6.596155166625977 ], [ 3.348907947540397, 6.59456205368042 ], [ 3.34587407112133, 6.592308044433594 ], [ 3.344244003295898, 6.591413974761963 ], [ 3.342144966125545, 6.590069770813102 ], [ 3.34028601646429, 6.589176177978516 ], [ 3.339606046676636, 6.588723182678223 ], [ 3.335572004318351, 6.597321987152213 ], [ 3.333946943283081, 6.596659183502197 ], [ 3.332068920135612, 6.594616889953727 ], [ 3.330651998520011, 6.592567920684758 ], [ 3.328974008560238, 6.588678836822567 ], [ 3.327310085296688, 6.585710048675651 ], [ 3.325432062149048, 6.583668231964225 ], [ 3.321466922760123, 6.58097076416027 ], [ 3.31866288185131, 6.578714847564697 ], [ 3.315444946289006, 6.579460144043082 ], [ 3.314332962036246, 6.582013130188045 ], [ 3.313215970993156, 6.584334850311222 ], [ 3.310960054397583, 6.587370872497615 ], [ 3.307553052902222, 6.590654850006217 ], [ 3.306399106979427, 6.590673923492432 ], [ 3.305011034011898, 6.590466022491512 ], [ 3.3031520843507, 6.589577198028564 ], [ 3.300831079483089, 6.588693141937313 ], [ 3.298966884613151, 6.587574005127067 ], [ 3.297338008880729, 6.586680889129752 ], [ 3.296869993209896, 6.586226940155143 ], [ 3.293641090393123, 6.586281776428279 ], [ 3.289709091186523, 6.585657119750977 ], [ 3.288831949234066, 6.585453987121639 ], [ 3.28879094123846, 6.585900783538932 ], [ 3.287954092025814, 6.591216087341365 ], [ 3.288225889205933, 6.593746185302734 ], [ 3.28851509094244, 6.597428798675594 ], [ 3.289714097976741, 6.600172996521053 ], [ 3.293020963668937, 6.604955196380615 ], [ 3.295624017715568, 6.609058856964054 ], [ 3.297764062881527, 6.612940788268986 ], [ 3.299211025238037, 6.616830825805721 ], [ 3.301111936569328, 6.620256900787467 ], [ 3.301352977752799, 6.620390892028865 ], [ 3.303904056549186, 6.621822834015006 ], [ 3.308751106262207, 6.621971130371207 ], [ 3.311511993408317, 6.621461868286246 ], [ 3.313811063766593, 6.620963096618709 ], [ 3.31771993637085, 6.620203971862793 ], [ 3.322103023529166, 6.620131015777702 ], [ 3.325113058090324, 6.621002197265682 ], [ 3.326539993286246, 6.623510837554988 ], [ 3.327285051345939, 6.626956939697322 ], [ 3.327342033386174, 6.630410194397086 ], [ 3.32785701751709, 6.633627891540471 ], [ 3.328347921371574, 6.635463237762508 ], [ 3.328846931457576, 6.637757778167838 ], [ 3.328865051269588, 6.63890886306757 ], [ 3.328931093216056, 6.643056869506893 ], [ 3.330132007598934, 6.646031856536979 ], [ 3.331082105636654, 6.647628784179688 ], [ 3.332283973693848, 6.648791790008602 ], [ 3.335767984390316, 6.652157783508358 ], [ 3.339761018753052, 6.656467914581356 ], [ 3.34163498878479, 6.658279895782528 ], [ 3.344912052154655, 6.661220073700008 ], [ 3.34748291969305, 6.663249969482479 ], [ 3.349822044372615, 6.665283203125114 ], [ 3.353102922439575, 6.668454170227164 ], [ 3.353823900222835, 6.669194221496696 ], [ 3.354527950286979, 6.668773174285889 ], [ 3.356797933578605, 6.666425228118953 ], [ 3.358566999435425, 6.661551952362174 ], [ 3.361994028091488, 6.659417152404899 ], [ 3.361964941024894, 6.657573223114071 ], [ 3.363302946090698, 6.654551029205436 ], [ 3.366240024566594, 6.650578022003231 ], [ 3.368057012557983, 6.648700237274284 ], [ 3.368263959884644, 6.647315025329704 ], [ 3.368916034698486, 6.644763946533317 ], [ 3.369064092636165, 6.644725799560604 ] ] ] } },
{ "type": "Feature", "properties": { "NAME_1": "Lagos", "NAME_2": "Ikorodu" }, "geometry": { "type": "Polygon", "coordinates": [ [ [ 3.462553977966365, 6.609457969665527 ], [ 3.461494922637939, 6.609474182128906 ], [ 3.459650993347282, 6.609735965728873 ], [ 3.457587957382259, 6.61046123504633 ], [ 3.454616069793815, 6.612126827240104 ], [ 3.449373960494995, 6.616131782531795 ], [ 3.448460102081299, 6.616608142852783 ], [ 3.444840908050651, 6.621047973632926 ], [ 3.441682100296077, 6.625477790832576 ], [ 3.439646959304866, 6.628048896789494 ], [ 3.436264991760254, 6.632711887359733 ], [ 3.433146953582764, 6.639679908752498 ], [ 3.432554006576595, 6.645911216735897 ], [ 3.432080030441284, 6.648498058319149 ], [ 3.437551975250358, 6.648900985717773 ], [ 3.440932035446167, 6.65013408660883 ], [ 3.44359207153326, 6.651104927063102 ], [ 3.439707994461173, 6.653709888458309 ], [ 3.436568021774349, 6.65930080413824 ], [ 3.436193943023795, 6.664841175079459 ], [ 3.434190988540649, 6.669490814209041 ], [ 3.435427904129085, 6.674545764923209 ], [ 3.43872594833374, 6.678640842437801 ], [ 3.442001104354972, 6.68135404586792 ], [ 3.444099903106633, 6.68270301818859 ], [ 3.445734024047965, 6.683828830719108 ], [ 3.445274114608708, 6.683835983276367 ], [ 3.449253082275391, 6.687229156494197 ], [ 3.456240892410335, 6.691030979156551 ], [ 3.458548069000187, 6.690993785858154 ], [ 3.461097955703792, 6.691641807556152 ], [ 3.461555957794246, 6.69140195846569 ], [ 3.46155405044567, 6.691172122955436 ], [ 3.459927082061824, 6.690506935119743 ], [ 3.463166952133236, 6.691144943237362 ], [ 3.467789888381958, 6.691295146942139 ], [ 3.678684949874878, 6.689241886138973 ], [ 3.698661088943425, 6.689045906067008 ], [ 3.695019006729126, 6.685244083404598 ], [ 3.690267086028996, 6.676799774170036 ], [ 3.684648990631217, 6.671824932098389 ], [ 3.675926923751831, 6.660221099853629 ], [ 3.674700975418205, 6.655633926391545 ], [ 3.671830892562923, 6.649462223052979 ], [ 3.671050071716365, 6.643943786621207 ], [ 3.672776937484798, 6.636540889740104 ], [ 3.678328990936279, 6.637598991394043 ], [ 3.681952953338623, 6.6333909034729 ], [ 3.683491945266837, 6.628756046295223 ], [ 3.684042930603084, 6.619991779327393 ], [ 3.685359954834098, 6.615821838378963 ], [ 3.685585975647029, 6.615587234497013 ], [ 3.687139987945613, 6.611874103546256 ], [ 3.687773942947501, 6.608174800872803 ], [ 3.686121940612793, 6.605900764465446 ], [ 3.679820060729924, 6.60139894485485 ], [ 3.673280954361019, 6.596439838409538 ], [ 3.666507005691642, 6.591255187988395 ], [ 3.661628007888908, 6.589035034179688 ], [ 3.6571559906007, 6.583579063415584 ], [ 3.652482032775993, 6.579742908477897 ], [ 3.647793054580802, 6.575213909149227 ], [ 3.641933917999381, 6.56955099105835 ], [ 3.635617971420288, 6.564128875732365 ], [ 3.630470037460441, 6.559607028961238 ], [ 3.629493951797485, 6.558395862579459 ], [ 3.627696037292594, 6.559194087982235 ], [ 3.624947071075439, 6.560392856597957 ], [ 3.621753931045532, 6.562751770019531 ], [ 3.619712114334106, 6.564859867096004 ], [ 3.614902973174992, 6.567014217376766 ], [ 3.599108934402523, 6.574656009674186 ], [ 3.595669984817505, 6.575866222381649 ], [ 3.58595609664917, 6.574417114257869 ], [ 3.580132961273193, 6.570828914642391 ], [ 3.575697898864803, 6.567678928375358 ], [ 3.568219900131339, 6.561814785003719 ], [ 3.561899900436401, 6.556160926818904 ], [ 3.559289932250977, 6.551596164703426 ], [ 3.556482076645011, 6.549108982086238 ], [ 3.552088022232056, 6.54849100112915 ], [ 3.548840045929012, 6.5473952293396 ], [ 3.541620016098136, 6.543139934539852 ], [ 3.536974906921387, 6.541145801544246 ], [ 3.529799938201961, 6.539652824401969 ], [ 3.524256944656372, 6.539286136627254 ], [ 3.518949031829948, 6.539146900177116 ], [ 3.515507936477604, 6.540357112884578 ], [ 3.513674974441585, 6.541077136993408 ], [ 3.508344888687134, 6.539556980133057 ], [ 3.505546092987061, 6.537758827209473 ], [ 3.492955923080444, 6.543733119964713 ], [ 3.490880012512207, 6.543770790100154 ], [ 3.486701965332145, 6.542225837707463 ], [ 3.481179952621403, 6.543010234832877 ], [ 3.477113962173462, 6.548379898071346 ], [ 3.474387884140071, 6.550960063934383 ], [ 3.470252990722713, 6.55218076705944 ], [ 3.467060089111385, 6.55430984497076 ], [ 3.464132070541382, 6.558738231659049 ], [ 3.462774991989249, 6.560375213623047 ], [ 3.461252927780208, 6.566158771514893 ], [ 3.461546897888184, 6.570073127746525 ], [ 3.461822986602897, 6.572833061218375 ], [ 3.464246034622192, 6.579936981201286 ], [ 3.466155052185059, 6.584050178527832 ], [ 3.467612028121948, 6.588404178619498 ], [ 3.469058990478629, 6.592294216156063 ], [ 3.470009088516235, 6.594123840332145 ], [ 3.470047950744686, 6.596426010131836 ], [ 3.470515012741203, 6.596879959106559 ], [ 3.470988988876343, 6.597562789916935 ], [ 3.471502065658683, 6.600781917572078 ], [ 3.471782922744865, 6.603769779205379 ], [ 3.472048997879085, 6.606070995330924 ], [ 3.470700025558529, 6.608168125152588 ], [ 3.465871095657462, 6.609170913696346 ], [ 3.463568925857601, 6.609439849853572 ], [ 3.462553977966365, 6.609457969665527 ] ] ] } },
{ "type": "Feature", "properties": { "NAME_1": "Lagos", "NAME_2": "Kosofe" }, "geometry": { "type": "Polygon", "coordinates": [ [ [ 3.360059022903386, 6.576124191284237 ], [ 3.357140064239502, 6.575758934021053 ], [ 3.353672981262321, 6.575356006622428 ], [ 3.351355075836125, 6.574704170227051 ], [ 3.348124027252254, 6.574528217315788 ], [ 3.345354080200252, 6.574575901031608 ], [ 3.344630002975578, 6.574769973754826 ], [ 3.343517065048161, 6.575067996978703 ], [ 3.342185974121094, 6.578316211700439 ], [ 3.341315984726066, 6.581556797027645 ], [ 3.340221881866569, 6.585262775421143 ], [ 3.34025597572338, 6.58733510971075 ], [ 3.339606046676636, 6.588723182678223 ], [ 3.34028601646429, 6.589176177978516 ], [ 3.342144966125545, 6.590069770813102 ], [ 3.344244003295898, 6.591413974761963 ], [ 3.34587407112133, 6.592308044433594 ], [ 3.348907947540397, 6.59456205368042 ], [ 3.350087881088257, 6.596155166625977 ], [ 3.35172700881958, 6.597739219665641 ], [ 3.353831052780151, 6.599318027496395 ], [ 3.354532003402653, 6.599995136261043 ], [ 3.355709075927791, 6.601359844207877 ], [ 3.356890916824398, 6.603181838989201 ], [ 3.358541011810416, 6.605457782745361 ], [ 3.359704017639274, 6.605897903442383 ], [ 3.361787080764827, 6.606324195861873 ], [ 3.365294933319205, 6.609261989593563 ], [ 3.367429971695003, 6.612911224365348 ], [ 3.367662906646672, 6.613139152526855 ], [ 3.369333028793392, 6.616567134857178 ], [ 3.371011018753165, 6.620454788208065 ], [ 3.371998071670646, 6.624354839324951 ], [ 3.372054100036735, 6.627810001373348 ], [ 3.370100975036735, 6.635447025299129 ], [ 3.369499921798763, 6.640987873077449 ], [ 3.369088888168335, 6.644221782684383 ], [ 3.369064092636165, 6.644725799560604 ], [ 3.369837045669613, 6.644517898559684 ], [ 3.369816064834595, 6.643366813659725 ], [ 3.371443986892757, 6.644030094146785 ], [ 3.432080030441284, 6.648498058319149 ], [ 3.432554006576595, 6.645911216735897 ], [ 3.433146953582764, 6.639679908752498 ], [ 3.436264991760254, 6.632711887359733 ], [ 3.439646959304866, 6.628048896789494 ], [ 3.441682100296077, 6.625477790832576 ], [ 3.444840908050651, 6.621047973632926 ], [ 3.448460102081299, 6.616608142852783 ], [ 3.449373960494995, 6.616131782531795 ], [ 3.454616069793815, 6.612126827240104 ], [ 3.457587957382259, 6.61046123504633 ], [ 3.459650993347282, 6.609735965728873 ], [ 3.461494922637939, 6.609474182128906 ], [ 3.462553977966365, 6.609457969665527 ], [ 3.462177991867009, 6.609002113342342 ], [ 3.458892107010001, 6.605601787567082 ], [ 3.45582389831543, 6.60127592086792 ], [ 3.449500083923283, 6.595390796661491 ], [ 3.446922063827571, 6.592899799346924 ], [ 3.44157695770275, 6.590456962585449 ], [ 3.437653064727783, 6.590292930603141 ], [ 3.433233022689819, 6.588064193725586 ], [ 3.429753065109196, 6.586740016937256 ], [ 3.429685115814323, 6.582593917846737 ], [ 3.429671049118042, 6.581673145294303 ], [ 3.428464889526481, 6.578466892242432 ], [ 3.426337003707999, 6.575277805328426 ], [ 3.424665927886963, 6.571849822998104 ], [ 3.421174049377441, 6.569832801818848 ], [ 3.416085004806632, 6.568998813629264 ], [ 3.411264896392879, 6.570462226867676 ], [ 3.405982017517204, 6.571935176849365 ], [ 3.400747060775871, 6.57617378234869 ], [ 3.398435115814323, 6.575980186462516 ], [ 3.394951105117855, 6.574426174163932 ], [ 3.391227006912231, 6.572414875030631 ], [ 3.389738082885856, 6.571808815002498 ], [ 3.387976884841919, 6.571088790893555 ], [ 3.382671117782593, 6.571177959442196 ], [ 3.378984928131104, 6.571472167968693 ], [ 3.372345924377441, 6.574577808380241 ], [ 3.364295959472656, 6.576098918914795 ], [ 3.360375881195182, 6.576165199279842 ], [ 3.360059022903386, 6.576124191284237 ] ] ] } },
{ "type": "Feature", "properties": { "NAME_1": "Lagos", "NAME_2": "LagosIsland" }, "geometry": { "type": "Polygon", "coordinates": [ [ [ 3.363845109939632, 6.470448970794678 ], [ 3.365379095077515, 6.47193098068243 ], [ 3.368156909942741, 6.472572803497428 ], [ 3.371822118759212, 6.470898151397762 ], [ 3.374814987182674, 6.470617771148795 ], [ 3.378514051437378, 6.471018791198844 ], [ 3.382452011108455, 6.472102165222225 ], [ 3.387574911117554, 6.47501182556158 ], [ 3.386291980743522, 6.481252193451041 ], [ 3.384516954422054, 6.485661983490104 ], [ 3.384090900421256, 6.487742900848389 ], [ 3.383249998092708, 6.492825984954891 ], [ 3.383327007293644, 6.497663974762077 ], [ 3.385042905807609, 6.503855228424129 ], [ 3.387876033783016, 6.507955074310416 ], [ 3.390702009201163, 6.511593818664608 ], [ 3.395420074463004, 6.517967224121151 ], [ 3.396889925003109, 6.523241043090934 ], [ 3.396734952926693, 6.527852058410701 ], [ 3.394959926605225, 6.532258987426758 ], [ 3.392229080200195, 6.53460884094244 ], [ 3.391727924347038, 6.535366058349609 ], [ 3.393646955490112, 6.536660194396973 ], [ 3.394840955734367, 6.539174079894963 ], [ 3.396276950836238, 6.54237604141241 ], [ 3.398627042770443, 6.545102119445801 ], [ 3.400774002075195, 6.549441814422664 ], [ 3.402453899383545, 6.553331851959229 ], [ 3.402290105819759, 6.557479858398494 ], [ 3.401418924331779, 6.560722827911377 ], [ 3.399164915084953, 6.563986778259391 ], [ 3.397360086441097, 6.566551208496094 ], [ 3.395092010498047, 6.568893909454459 ], [ 3.39050197601324, 6.57035493850708 ], [ 3.389738082885856, 6.571808815002498 ], [ 3.391227006912231, 6.572414875030631 ], [ 3.394951105117855, 6.574426174163932 ], [ 3.398435115814323, 6.575980186462516 ], [ 3.400747060775871, 6.57617378234869 ], [ 3.405982017517204, 6.571935176849365 ], [ 3.411264896392879, 6.570462226867676 ], [ 3.416085004806632, 6.568998813629264 ], [ 3.421174049377441, 6.569832801818848 ], [ 3.424665927886963, 6.571849822998104 ], [ 3.426337003707999, 6.575277805328426 ], [ 3.428464889526481, 6.578466892242432 ], [ 3.429671049118042, 6.581673145294303 ], [ 3.429685115814323, 6.582593917846737 ], [ 3.429753065109196, 6.586740016937256 ], [ 3.433233022689819, 6.588064193725586 ], [ 3.437653064727783, 6.590292930603141 ], [ 3.44157695770275, 6.590456962585449 ], [ 3.446922063827571, 6.592899799346924 ], [ 3.449500083923283, 6.595390796661491 ], [ 3.45582389831543, 6.60127592086792 ], [ 3.458892107010001, 6.605601787567082 ], [ 3.462177991867009, 6.609002113342342 ], [ 3.462553977966365, 6.609457969665527 ], [ 3.463568925857601, 6.609439849853572 ], [ 3.465871095657462, 6.609170913696346 ], [ 3.470700025558529, 6.608168125152588 ], [ 3.472048997879085, 6.606070995330924 ], [ 3.471782922744865, 6.603769779205379 ], [ 3.471502065658683, 6.600781917572078 ], [ 3.470988988876343, 6.597562789916935 ], [ 3.470515012741203, 6.596879959106559 ], [ 3.470047950744686, 6.596426010131836 ], [ 3.470009088516235, 6.594123840332145 ], [ 3.469058990478629, 6.592294216156063 ], [ 3.467612028121948, 6.588404178619498 ], [ 3.466155052185059, 6.584050178527832 ], [ 3.464246034622192, 6.579936981201286 ], [ 3.461822986602897, 6.572833061218375 ], [ 3.461546897888184, 6.570073127746525 ], [ 3.461252927780208, 6.566158771514893 ], [ 3.462774991989249, 6.560375213623047 ], [ 3.464132070541382, 6.558738231659049 ], [ 3.467060089111385, 6.55430984497076 ], [ 3.470252990722713, 6.55218076705944 ], [ 3.474387884140071, 6.550960063934383 ], [ 3.477113962173462, 6.548379898071346 ], [ 3.481179952621403, 6.543010234832877 ], [ 3.486701965332145, 6.542225837707463 ], [ 3.490880012512207, 6.543770790100154 ], [ 3.492955923080444, 6.543733119964713 ], [ 3.505546092987061, 6.537758827209473 ], [ 3.508344888687134, 6.539556980133057 ], [ 3.513674974441585, 6.541077136993408 ], [ 3.515507936477604, 6.540357112884578 ], [ 3.518949031829948, 6.539146900177116 ], [ 3.524256944656372, 6.539286136627254 ], [ 3.529799938201961, 6.539652824401969 ], [ 3.536974906921387, 6.541145801544246 ], [ 3.541620016098136, 6.543139934539852 ], [ 3.548840045929012, 6.5473952293396 ], [ 3.552088022232056, 6.54849100112915 ], [ 3.556482076645011, 6.549108982086238 ], [ 3.559289932250977, 6.551596164703426 ], [ 3.561899900436401, 6.556160926818904 ], [ 3.568219900131339, 6.561814785003719 ], [ 3.575697898864803, 6.567678928375358 ], [ 3.580132961273193, 6.570828914642391 ], [ 3.58595609664917, 6.574417114257869 ], [ 3.595669984817505, 6.575866222381649 ], [ 3.599108934402523, 6.574656009674186 ], [ 3.614902973174992, 6.567014217376766 ], [ 3.619712114334106, 6.564859867096004 ], [ 3.621753931045532, 6.562751770019531 ], [ 3.624947071075439, 6.560392856597957 ], [ 3.627696037292594, 6.559194087982235 ], [ 3.629493951797485, 6.558395862579459 ], [ 3.628822088241577, 6.557561874389648 ], [ 3.626430988311824, 6.552303791046199 ], [ 3.621014118194523, 6.545481204986686 ], [ 3.619095087051505, 6.540905952453613 ], [ 3.616899967193717, 6.533569812774772 ], [ 3.613822937011776, 6.52878379821783 ], [ 3.610966920852718, 6.523300170898494 ], [ 3.610013961792049, 6.521474838256836 ], [ 3.607742071151847, 6.523587226867676 ], [ 3.602233886718807, 6.525291919708252 ], [ 3.597156047821045, 6.525147914886531 ], [ 3.593219995498714, 6.52429389953619 ], [ 3.589057922363338, 6.523672103881893 ], [ 3.585820913314819, 6.523265838623161 ], [ 3.582343101501522, 6.522173881530762 ], [ 3.578644037246761, 6.521774768829459 ], [ 3.575134992599601, 6.518607139587516 ], [ 3.573915004730281, 6.514482021331844 ], [ 3.570574045181274, 6.507624149322567 ], [ 3.569586992263794, 6.50372505187994 ], [ 3.569061040878239, 6.49958610534668 ], [ 3.567620038986206, 6.496152877807617 ], [ 3.564802885055656, 6.493206024169922 ], [ 3.561984062194824, 6.490028858184871 ], [ 3.555459022521973, 6.485992908477783 ], [ 3.550096035003719, 6.482396125793457 ], [ 3.54356408119213, 6.477897167205924 ], [ 3.538667917251701, 6.474753856658992 ], [ 3.53377294540411, 6.471611976623535 ], [ 3.527959108352661, 6.468715190887451 ], [ 3.52497506141674, 6.469687938690299 ], [ 3.519706010818595, 6.471852779388485 ], [ 3.514873981475887, 6.472623825073185 ], [ 3.509335994720516, 6.472486972808952 ], [ 3.505202054977417, 6.473708152771053 ], [ 3.501734972000122, 6.473307132721004 ], [ 3.498243093490714, 6.471292018890381 ], [ 3.4956409931184, 6.467189788818473 ], [ 3.494424104690495, 6.463293075561523 ], [ 3.491652011871395, 6.463109970092773 ], [ 3.486556053161621, 6.461813926696777 ], [ 3.47826695442194, 6.462875843048096 ], [ 3.475281000137443, 6.463615894317741 ], [ 3.467283964157161, 6.468361854553223 ], [ 3.465451002120972, 6.469083786010799 ], [ 3.461508035659904, 6.467766761779785 ], [ 3.459614038467407, 6.464804172515926 ], [ 3.457714080810604, 6.461380958557186 ], [ 3.45462799072277, 6.456133842468375 ], [ 3.452769994735831, 6.455243110656681 ], [ 3.448141098022404, 6.454400062561035 ], [ 3.446538925170955, 6.455117225647086 ], [ 3.444046020507812, 6.457924842834529 ], [ 3.441330909729118, 6.461197853088493 ], [ 3.440218925476188, 6.463750839233455 ], [ 3.438194990158195, 6.46701002120983 ], [ 3.435697078704834, 6.469357967376766 ], [ 3.433192014694214, 6.471473217010498 ], [ 3.430701017379874, 6.474279880523682 ], [ 3.427263975143433, 6.475722789764461 ], [ 3.427033901214656, 6.475722789764461 ], [ 3.423330068588257, 6.475096225738582 ], [ 3.420345067978019, 6.475837230682373 ], [ 3.419645071029777, 6.475389957428035 ], [ 3.418904066085815, 6.472406864166373 ], [ 3.417715072631893, 6.470122814178467 ], [ 3.415788888931331, 6.465085983276424 ], [ 3.415494918823356, 6.461173057556266 ], [ 3.415673017501888, 6.457945823669547 ], [ 3.414483070373535, 6.455661773681641 ], [ 3.413053989410457, 6.452919960021973 ], [ 3.411881923675651, 6.451787948608512 ], [ 3.410940885543823, 6.450650215149039 ], [ 3.410011053085327, 6.450205802917594 ], [ 3.406514883041325, 6.44796085357666 ], [ 3.404932975769157, 6.447135925292969 ], [ 3.401448965072689, 6.448507785797062 ], [ 3.396816968917847, 6.447433948516846 ], [ 3.392204046249503, 6.447512149810791 ], [ 3.386925935745296, 6.449214935302791 ], [ 3.381894111633414, 6.45183277130127 ], [ 3.37779092788702, 6.454898834228516 ], [ 3.372301101684684, 6.457756996154842 ], [ 3.368690013885612, 6.46265697479248 ], [ 3.365310907363892, 6.467784881591911 ], [ 3.363845109939632, 6.470448970794678 ] ] ] } },
{ "type": "Feature", "properties": { "NAME_1": "Lagos", "NAME_2": "Mainland" }, "geometry": { "type": "Polygon", "coordinates": [ [ [ 3.363845109939632, 6.470448970794678 ], [ 3.362622976303214, 6.472669124603385 ], [ 3.358315944671631, 6.477347850799561 ], [ 3.355355024337825, 6.479704856872502 ], [ 3.354903936386108, 6.479985237121696 ], [ 3.351052045822257, 6.482382774352971 ], [ 3.352914094924927, 6.485734939575195 ], [ 3.355540037155151, 6.491220951080379 ], [ 3.358405113220272, 6.497165203094539 ], [ 3.362262964248771, 6.507466793060303 ], [ 3.36282205581665, 6.513450145721436 ], [ 3.363817930221614, 6.518040180206413 ], [ 3.363899946212769, 6.523108959197941 ], [ 3.361675024032593, 6.52821588516241 ], [ 3.359857082366943, 6.529859066009578 ], [ 3.358514070510921, 6.532416820526237 ], [ 3.357266902923584, 6.534634113311881 ], [ 3.359477996826229, 6.534934997558651 ], [ 3.362250089645499, 6.535117149353084 ], [ 3.366177082061881, 6.535511970520133 ], [ 3.370795965194759, 6.535896778106803 ], [ 3.374021053314323, 6.535610198974666 ], [ 3.376775026321468, 6.534640789032096 ], [ 3.381123065948486, 6.532494068145752 ], [ 3.384813070297355, 6.532430171966553 ], [ 3.388982057571468, 6.533513069152832 ], [ 3.391727924347038, 6.535366058349609 ], [ 3.392229080200195, 6.53460884094244 ], [ 3.394959926605225, 6.532258987426758 ], [ 3.396734952926693, 6.527852058410701 ], [ 3.396889925003109, 6.523241043090934 ], [ 3.395420074463004, 6.517967224121151 ], [ 3.390702009201163, 6.511593818664608 ], [ 3.387876033783016, 6.507955074310416 ], [ 3.385042905807609, 6.503855228424129 ], [ 3.383327007293644, 6.497663974762077 ], [ 3.383249998092708, 6.492825984954891 ], [ 3.384090900421256, 6.487742900848389 ], [ 3.384516954422054, 6.485661983490104 ], [ 3.386291980743522, 6.481252193451041 ], [ 3.387574911117554, 6.47501182556158 ], [ 3.382452011108455, 6.472102165222225 ], [ 3.378514051437378, 6.471018791198844 ], [ 3.374814987182674, 6.470617771148795 ], [ 3.371822118759212, 6.470898151397762 ], [ 3.368156909942741, 6.472572803497428 ], [ 3.365379095077515, 6.47193098068243 ], [ 3.363845109939632, 6.470448970794678 ] ] ] } },
{ "type": "Feature", "properties": { "NAME_1": "Lagos", "NAME_2": "Mushin" }, "geometry": { "type": "Polygon", "coordinates": [ [ [ 3.311448097229118, 6.528478145599422 ], [ 3.311868906021232, 6.529520034790153 ], [ 3.314659118652457, 6.530855178833121 ], [ 3.319302082061768, 6.532618999481201 ], [ 3.321172952651921, 6.534201145172119 ], [ 3.32167196273798, 6.536496162414494 ], [ 3.321923017501831, 6.537875175476131 ], [ 3.322422027587891, 6.540170192718506 ], [ 3.322679042816162, 6.541779041290397 ], [ 3.323426961898917, 6.545223236084098 ], [ 3.324162960052547, 6.547976016998234 ], [ 3.324647903442326, 6.549347877502555 ], [ 3.325397968292236, 6.553024768829459 ], [ 3.326128005981559, 6.555315017700138 ], [ 3.327099084854126, 6.558293819427604 ], [ 3.327600002288818, 6.560819149017448 ], [ 3.328092098236084, 6.562655925750846 ], [ 3.330687999725399, 6.566298007965145 ], [ 3.333259105682316, 6.568328857421932 ], [ 3.336973905563354, 6.569879055023307 ], [ 3.340703010559196, 6.572119235992432 ], [ 3.344630002975578, 6.574769973754826 ], [ 3.345354080200252, 6.574575901031608 ], [ 3.348124027252254, 6.574528217315788 ], [ 3.351355075836125, 6.574704170227051 ], [ 3.353672981262321, 6.575356006622428 ], [ 3.357140064239502, 6.575758934021053 ], [ 3.360059022903386, 6.576124191284237 ], [ 3.361228942871094, 6.571773052215633 ], [ 3.361613988876456, 6.567154884338379 ], [ 3.360388040542659, 6.562570095062313 ], [ 3.360049962997493, 6.55612421035778 ], [ 3.359991073608512, 6.552436828613281 ], [ 3.359713077545166, 6.54944896697998 ], [ 3.358726024627742, 6.545547008514461 ], [ 3.357266902923584, 6.54096078872692 ], [ 3.35694408416748, 6.535205841064453 ], [ 3.357266902923584, 6.534634113311881 ], [ 3.353466033935661, 6.534114837646541 ], [ 3.345597982406616, 6.53263521194458 ], [ 3.340271949768066, 6.531342983245963 ], [ 3.333811044693107, 6.531221866607666 ], [ 3.326647043228149, 6.530422210693359 ], [ 3.322480916977042, 6.529570102691594 ], [ 3.318537950515804, 6.528254985809383 ], [ 3.313925027847233, 6.528332233429069 ], [ 3.311448097229118, 6.528478145599422 ] ] ] } },
{ "type": "Feature", "properties": { "NAME_1": "Lagos", "NAME_2": "Ojo" }, "geometry": { "type": "Polygon", "coordinates": [ [ [ 3.082984924316406, 6.521966934204102 ], [ 3.083420038223267, 6.521824836730957 ], [ 3.087810039520321, 6.521979808807373 ], [ 3.0928831100465, 6.521660804748649 ], [ 3.097048997879028, 6.52228403091442 ], [ 3.103513002395573, 6.522173881530762 ], [ 3.107413053512687, 6.520724773406926 ], [ 3.112011909484977, 6.519492149353084 ], [ 3.115010976791496, 6.51943922042858 ], [ 3.115241050720272, 6.519436836242733 ], [ 3.117808103561515, 6.521007061004696 ], [ 3.123569011688232, 6.520446777343807 ], [ 3.129096031188965, 6.519430160522518 ], [ 3.13438892364502, 6.518417835235596 ], [ 3.141082048416251, 6.518303871154785 ], [ 3.145478963852042, 6.51891994476324 ], [ 3.149868011474666, 6.519076824188232 ], [ 3.154953002929744, 6.519451141357536 ], [ 3.158895969390983, 6.520537853241024 ], [ 3.162846088409538, 6.522085189819336 ], [ 3.165836095809993, 6.521341800689697 ], [ 3.168888092041016, 6.524518966674805 ], [ 3.169821977615413, 6.525196075439567 ], [ 3.169817924499512, 6.524965763092041 ], [ 3.173554897308406, 6.527670860290584 ], [ 3.177290916442985, 6.530144214630241 ], [ 3.180804967880363, 6.533311843872127 ], [ 3.180808067321777, 6.533545017242545 ], [ 3.182951927185115, 6.537661075592155 ], [ 3.184163093566895, 6.541100025177002 ], [ 3.185856103897208, 6.545916080474854 ], [ 3.186372995376701, 6.549368858337402 ], [ 3.186444044113159, 6.549664974212703 ], [ 3.188292026519775, 6.548203945159912 ], [ 3.191704034805241, 6.545149803161621 ], [ 3.193958044052238, 6.541885852813721 ], [ 3.197351932525635, 6.53767919540411 ], [ 3.202598094940299, 6.534136772155875 ], [ 3.206037998199463, 6.532694816589355 ], [ 3.210119962692261, 6.528478145599422 ], [ 3.211920022964478, 6.525683879852238 ], [ 3.213515996933097, 6.524503231048641 ], [ 3.215816974639949, 6.523575782775993 ], [ 3.21649694442749, 6.523300170898494 ], [ 3.217185020446721, 6.523057937622184 ], [ 3.219187974929923, 6.518645763397274 ], [ 3.220480918884277, 6.512864112854061 ], [ 3.218760013580322, 6.506443977356014 ], [ 3.217509031295833, 6.500242233276481 ], [ 3.216294050216675, 6.496576786041317 ], [ 3.215991020202637, 6.491972923278809 ], [ 3.214981079101562, 6.486690044403133 ], [ 3.214723110198975, 6.485081195831242 ], [ 3.214720964431876, 6.48485279083252 ], [ 3.214428901672477, 6.481170177459717 ], [ 3.214375019073486, 6.477715015411491 ], [ 3.213603973388729, 6.472887992859 ], [ 3.212836027145443, 6.468293190002555 ], [ 3.212332963943481, 6.465535163879508 ], [ 3.210593938827571, 6.457962036132926 ], [ 3.209198951721305, 6.457293987274227 ], [ 3.204508066177482, 6.452535152435303 ], [ 3.201493024826163, 6.451434135437012 ], [ 3.19777607917797, 6.449884891510123 ], [ 3.194056034088248, 6.448104858398438 ], [ 3.190107107162532, 6.44632720947277 ], [ 3.18657207489008, 6.441780090331974 ], [ 3.18583989143383, 6.439257144927922 ], [ 3.184586048126278, 6.433057785034237 ], [ 3.184989929199219, 6.429593086242733 ], [ 3.184927940368766, 6.425677776336727 ], [ 3.18488693237299, 6.423145771026611 ], [ 3.185978889465389, 6.419439792633113 ], [ 3.185913085937614, 6.415291786193791 ], [ 3.185570955276603, 6.408386230468864 ], [ 3.185544013977051, 6.406772136688289 ], [ 3.185431957244987, 6.403749942779655 ], [ 3.185137987136841, 6.403749942779655 ], [ 3.185137987136841, 6.404027938842773 ], [ 3.184583902359122, 6.404027938842773 ], [ 3.184583902359122, 6.403749942779655 ], [ 3.181806087493896, 6.403749942779655 ], [ 3.181806087493896, 6.403471946716309 ], [ 3.180972099304256, 6.403471946716309 ], [ 3.180972099304256, 6.403749942779655 ], [ 3.180140018463248, 6.403749942779655 ], [ 3.180140018463248, 6.403471946716309 ], [ 3.174582958221436, 6.403471946716309 ], [ 3.174582958221436, 6.403749942779655 ], [ 3.173194885253906, 6.403749942779655 ], [ 3.173194885253906, 6.403471946716309 ], [ 3.17069506645197, 6.403471946716309 ], [ 3.17069506645197, 6.40319395065319 ], [ 3.165972948074455, 6.40319395065319 ], [ 3.165972948074455, 6.402915954589844 ], [ 3.165138959884644, 6.402915954589844 ], [ 3.165138959884644, 6.402637958526725 ], [ 3.163472890853996, 6.402637958526725 ], [ 3.163472890853996, 6.402915954589844 ], [ 3.162915945053214, 6.402915954589844 ], [ 3.162915945053214, 6.402637958526725 ], [ 3.158194065093994, 6.402637958526725 ], [ 3.158194065093994, 6.402359962463379 ], [ 3.157360076904411, 6.402359962463379 ], [ 3.157360076904411, 6.402083873748836 ], [ 3.156805992126522, 6.402083873748836 ], [ 3.156805992126522, 6.402359962463379 ], [ 3.151527881622314, 6.402359962463379 ], [ 3.151527881622314, 6.402083873748836 ], [ 3.147083044052124, 6.402083873748836 ], [ 3.147083044052124, 6.402359962463379 ], [ 3.146249055862484, 6.402359962463379 ], [ 3.146249055862484, 6.402083873748836 ], [ 3.145694971084595, 6.402083873748836 ], [ 3.145694971084595, 6.402359962463379 ], [ 3.143472909927482, 6.402359962463379 ], [ 3.143472909927482, 6.402637958526725 ], [ 3.142360925674552, 6.402637958526725 ], [ 3.142360925674552, 6.402359962463379 ], [ 3.139583110809326, 6.402359962463379 ], [ 3.139583110809326, 6.402083873748836 ], [ 3.138195037841797, 6.402083873748836 ], [ 3.138195037841797, 6.401805877685661 ], [ 3.135972023010368, 6.401805877685661 ], [ 3.135972023010368, 6.402083873748836 ], [ 3.134584903716984, 6.402083873748836 ], [ 3.134584903716984, 6.401805877685661 ], [ 3.133749961853084, 6.401805877685661 ], [ 3.133749961853084, 6.402083873748836 ], [ 3.132359981536979, 6.402083873748836 ], [ 3.132359981536979, 6.401805877685661 ], [ 3.129028081894035, 6.401805877685661 ], [ 3.129028081894035, 6.401527881622371 ], [ 3.12847208976757, 6.401527881622371 ], [ 3.12847208976757, 6.401805877685661 ], [ 3.126806020736751, 6.401805877685661 ], [ 3.126806020736751, 6.401527881622371 ], [ 3.124861955642757, 6.401527881622371 ], [ 3.124861955642757, 6.401805877685661 ], [ 3.123749017715568, 6.401805877685661 ], [ 3.123749017715568, 6.401527881622371 ], [ 3.118473052978629, 6.401527881622371 ], [ 3.118470907211304, 6.401249885559196 ], [ 3.11125111579895, 6.401249885559196 ], [ 3.11125111579895, 6.400971889495906 ], [ 3.110972881317139, 6.400971889495906 ], [ 3.110972881317139, 6.400693893432731 ], [ 3.109581947326717, 6.400693893432731 ], [ 3.109581947326717, 6.400971889495906 ], [ 3.109029054641837, 6.400971889495906 ], [ 3.109029054641837, 6.401249885559196 ], [ 3.108751058578548, 6.401249885559196 ], [ 3.108751058578548, 6.400971889495906 ], [ 3.106806039810238, 6.400971889495906 ], [ 3.106806039810238, 6.400693893432731 ], [ 3.106528043746948, 6.400693893432731 ], [ 3.106528043746948, 6.400971889495906 ], [ 3.105972051620483, 6.400971889495906 ], [ 3.105972051620483, 6.400693893432731 ], [ 3.105416059493962, 6.400693893432731 ], [ 3.105416059493962, 6.400971889495906 ], [ 3.104860067367497, 6.400971889495906 ], [ 3.104860067367497, 6.400693893432731 ], [ 3.104583978652954, 6.400693893432731 ], [ 3.104583978652954, 6.400971889495906 ], [ 3.104027986526489, 6.400971889495906 ], [ 3.104027986526489, 6.400693893432731 ], [ 3.103471994400024, 6.400693893432731 ], [ 3.103471994400024, 6.400971889495906 ], [ 3.097640037536621, 6.400971889495906 ], [ 3.097640037536621, 6.400693893432731 ], [ 3.096806049346981, 6.400693893432731 ], [ 3.096806049346981, 6.400971889495906 ], [ 3.094305038452262, 6.400971889495906 ], [ 3.094305038452262, 6.400693893432731 ], [ 3.093194961547908, 6.400693893432731 ], [ 3.093194961547908, 6.400415897369385 ], [ 3.092360973358097, 6.400415897369385 ], [ 3.092360973358097, 6.400693893432731 ], [ 3.085417032241764, 6.400693893432731 ], [ 3.085417032241764, 6.400415897369385 ], [ 3.085139036178646, 6.400415897369385 ], [ 3.085139036178646, 6.400693893432731 ], [ 3.083194971084652, 6.400693893432731 ], [ 3.083194971084652, 6.400415897369385 ], [ 3.07847189903265, 6.400415897369385 ], [ 3.07847189903265, 6.400693893432731 ], [ 3.077915906906128, 6.400693893432731 ], [ 3.077915906906128, 6.400415897369385 ], [ 3.077084064483643, 6.400415897369385 ], [ 3.077084064483643, 6.400137901306266 ], [ 3.07486200332653, 6.400137901306266 ], [ 3.07486200332653, 6.400415897369385 ], [ 3.074584007263184, 6.400415897369385 ], [ 3.074584007263184, 6.400137901306266 ], [ 3.074028015136719, 6.400137901306266 ], [ 3.074028015136719, 6.400415897369385 ], [ 3.073472023010254, 6.400415897369385 ], [ 3.073472023010254, 6.400137901306266 ], [ 3.069583892822322, 6.400137901306266 ], [ 3.069583892822322, 6.399861812591553 ], [ 3.062638998031673, 6.399861812591553 ], [ 3.062638998031673, 6.400137901306266 ], [ 3.060694932937736, 6.400137901306266 ], [ 3.060694932937736, 6.399861812591553 ], [ 3.059860944747925, 6.399861812591553 ], [ 3.059860944747925, 6.399583816528377 ], [ 3.054857969284171, 6.399583816528377 ], [ 3.057969093322697, 6.406398773193303 ], [ 3.060097932815665, 6.409588813781795 ], [ 3.062005043029785, 6.413473129272575 ], [ 3.063888072967643, 6.415744781494084 ], [ 3.06857800483715, 6.420506954193115 ], [ 3.073456048965397, 6.422495841980037 ], [ 3.077858924865723, 6.423803806304988 ], [ 3.082259893417472, 6.424881935119629 ], [ 3.08526611328125, 6.425292968750057 ], [ 3.088051080703792, 6.426397800445557 ], [ 3.090384960174617, 6.427970886230526 ], [ 3.091340065002555, 6.43002891540533 ], [ 3.091403961181754, 6.433944225311336 ], [ 3.090744972229118, 6.43602991104126 ], [ 3.090362071991024, 6.440875053405875 ], [ 3.089934110641479, 6.44295597076416 ], [ 3.089498996734619, 6.444573879241887 ], [ 3.088179111480713, 6.448514938354549 ], [ 3.087985038757324, 6.450823783874512 ], [ 3.087327003479118, 6.452907085418758 ], [ 3.086203098297233, 6.454769134521541 ], [ 3.085541963577271, 6.456624031066895 ], [ 3.083589076995963, 6.464261054992676 ], [ 3.082046031952018, 6.46866512298584 ], [ 3.081151962280387, 6.470523834228516 ], [ 3.080955982208252, 6.472600936889762 ], [ 3.081245899200496, 6.476282119751033 ], [ 3.082910060882568, 6.479250907897949 ], [ 3.085028886795158, 6.481978893280029 ], [ 3.088294982910156, 6.484227180481071 ], [ 3.092245101928711, 6.486003875732479 ], [ 3.094573974609318, 6.487347126007194 ], [ 3.099224090576286, 6.489573001861686 ], [ 3.101560115814266, 6.491375923156795 ], [ 3.103195905685482, 6.492730140685978 ], [ 3.103677034378052, 6.493875980377197 ], [ 3.103718042373657, 6.496408939361629 ], [ 3.103519916534538, 6.498486995697021 ], [ 3.101958990096989, 6.50173902511608 ], [ 3.100388050079459, 6.504530906677246 ], [ 3.098826885223446, 6.507781028747559 ], [ 3.096785068511963, 6.509891986846924 ], [ 3.092705011367912, 6.514338970184383 ], [ 3.090429067611808, 6.516219139099178 ], [ 3.08745908737194, 6.518113136291504 ], [ 3.082984924316406, 6.521966934204102 ] ] ] } },
{ "type": "Feature", "properties": { "NAME_1": "Lagos", "NAME_2": "Oshodi/Isolo" }, "geometry": { "type": "Polygon", "coordinates": [ [ [ 3.288831949234066, 6.585453987121639 ], [ 3.289709091186523, 6.585657119750977 ], [ 3.293641090393123, 6.586281776428279 ], [ 3.296869993209896, 6.586226940155143 ], [ 3.297338008880729, 6.586680889129752 ], [ 3.298966884613151, 6.587574005127067 ], [ 3.300831079483089, 6.588693141937313 ], [ 3.3031520843507, 6.589577198028564 ], [ 3.305011034011898, 6.590466022491512 ], [ 3.306399106979427, 6.590673923492432 ], [ 3.307553052902222, 6.590654850006217 ], [ 3.310960054397583, 6.587370872497615 ], [ 3.313215970993156, 6.584334850311222 ], [ 3.314332962036246, 6.582013130188045 ], [ 3.315444946289006, 6.579460144043082 ], [ 3.31866288185131, 6.578714847564697 ], [ 3.321466922760123, 6.58097076416027 ], [ 3.325432062149048, 6.583668231964225 ], [ 3.327310085296688, 6.585710048675651 ], [ 3.328974008560238, 6.588678836822567 ], [ 3.330651998520011, 6.592567920684758 ], [ 3.332068920135612, 6.594616889953727 ], [ 3.333946943283081, 6.596659183502197 ], [ 3.335572004318351, 6.597321987152213 ], [ 3.339606046676636, 6.588723182678223 ], [ 3.34025597572338, 6.58733510971075 ], [ 3.340221881866569, 6.585262775421143 ], [ 3.341315984726066, 6.581556797027645 ], [ 3.342185974121094, 6.578316211700439 ], [ 3.343517065048161, 6.575067996978703 ], [ 3.344630002975578, 6.574769973754826 ], [ 3.340703010559196, 6.572119235992432 ], [ 3.336973905563354, 6.569879055023307 ], [ 3.333259105682316, 6.568328857421932 ], [ 3.330687999725399, 6.566298007965145 ], [ 3.328092098236084, 6.562655925750846 ], [ 3.327600002288818, 6.560819149017448 ], [ 3.327099084854126, 6.558293819427604 ], [ 3.326128005981559, 6.555315017700138 ], [ 3.325397968292236, 6.553024768829459 ], [ 3.324647903442326, 6.549347877502555 ], [ 3.324162960052547, 6.547976016998234 ], [ 3.323426961898917, 6.545223236084098 ], [ 3.322679042816162, 6.541779041290397 ], [ 3.322422027587891, 6.540170192718506 ], [ 3.321923017501831, 6.537875175476131 ], [ 3.32167196273798, 6.536496162414494 ], [ 3.321172952651921, 6.534201145172119 ], [ 3.319302082061768, 6.532618999481201 ], [ 3.314659118652457, 6.530855178833121 ], [ 3.311868906021232, 6.529520034790153 ], [ 3.311448097229118, 6.528478145599422 ], [ 3.308396100997925, 6.528657913208008 ], [ 3.301208019256705, 6.526474952697868 ], [ 3.29495096206665, 6.524737834930363 ], [ 3.288937091827336, 6.523687839508057 ], [ 3.283822059631348, 6.521236896514949 ], [ 3.279439926147518, 6.521313190460319 ], [ 3.276246070861873, 6.523440837860107 ], [ 3.275326013565177, 6.523687839508057 ], [ 3.274561882019043, 6.524405002594108 ], [ 3.275122880935726, 6.525302886962947 ], [ 3.276349067688045, 6.529891014099121 ], [ 3.276382923126278, 6.531964778900203 ], [ 3.277175903320369, 6.53817081451416 ], [ 3.277477025985831, 6.542544841766414 ], [ 3.277581930160579, 6.548995018005371 ], [ 3.277415990829525, 6.552915096283016 ], [ 3.277504920959416, 6.558444023132324 ], [ 3.277093887329215, 6.561676025390682 ], [ 3.277139902114925, 6.564441204071045 ], [ 3.277467966079769, 6.570425987243709 ], [ 3.277482032775993, 6.571347236633414 ], [ 3.278263092041072, 6.576863765716553 ], [ 3.280159950256461, 6.580057144165153 ], [ 3.282968044281006, 6.582543849945068 ], [ 3.286003112793026, 6.584797859191895 ], [ 3.288831949234066, 6.585453987121639 ] ] ] } },
{ "type": "Feature", "properties": { "NAME_1": "Lagos", "NAME_2": "Shomolu" }, "geometry": { "type": "Polygon", "coordinates": [ [ [ 3.360059022903386, 6.576124191284237 ], [ 3.360375881195182, 6.576165199279842 ], [ 3.364295959472656, 6.576098918914795 ], [ 3.372345924377441, 6.574577808380241 ], [ 3.378984928131104, 6.571472167968693 ], [ 3.382671117782593, 6.571177959442196 ], [ 3.387976884841919, 6.571088790893555 ], [ 3.389738082885856, 6.571808815002498 ], [ 3.39050197601324, 6.57035493850708 ], [ 3.395092010498047, 6.568893909454459 ], [ 3.397360086441097, 6.566551208496094 ], [ 3.399164915084953, 6.563986778259391 ], [ 3.401418924331779, 6.560722827911377 ], [ 3.402290105819759, 6.557479858398494 ], [ 3.402453899383545, 6.553331851959229 ], [ 3.400774002075195, 6.549441814422664 ], [ 3.398627042770443, 6.545102119445801 ], [ 3.396276950836238, 6.54237604141241 ], [ 3.394840955734367, 6.539174079894963 ], [ 3.393646955490112, 6.536660194396973 ], [ 3.391727924347038, 6.535366058349609 ], [ 3.388982057571468, 6.533513069152832 ], [ 3.384813070297355, 6.532430171966553 ], [ 3.381123065948486, 6.532494068145752 ], [ 3.376775026321468, 6.534640789032096 ], [ 3.374021053314323, 6.535610198974666 ], [ 3.370795965194759, 6.535896778106803 ], [ 3.366177082061881, 6.535511970520133 ], [ 3.362250089645499, 6.535117149353084 ], [ 3.359477996826229, 6.534934997558651 ], [ 3.357266902923584, 6.534634113311881 ], [ 3.35694408416748, 6.535205841064453 ], [ 3.357266902923584, 6.54096078872692 ], [ 3.358726024627742, 6.545547008514461 ], [ 3.359713077545166, 6.54944896697998 ], [ 3.359991073608512, 6.552436828613281 ], [ 3.360049962997493, 6.55612421035778 ], [ 3.360388040542659, 6.562570095062313 ], [ 3.361613988876456, 6.567154884338379 ], [ 3.361228942871094, 6.571773052215633 ], [ 3.360059022903386, 6.576124191284237 ] ] ] } },
{ "type": "Feature", "properties": { "NAME_1": "Lagos", "NAME_2": "Surulere" }, "geometry": { "type": "Polygon", "coordinates": [ [ [ 3.338913917541618, 6.475834846496696 ], [ 3.334553956985474, 6.477291107177848 ], [ 3.332499980926571, 6.47870922088623 ], [ 3.328849077224731, 6.481074810028076 ], [ 3.326337099075317, 6.482730865478516 ], [ 3.322423934936637, 6.483257770538387 ], [ 3.318496942520255, 6.482863903045597 ], [ 3.3164160251618, 6.482667922973633 ], [ 3.3143310546875, 6.482010841369743 ], [ 3.310146093368473, 6.480010032653865 ], [ 3.308276891708374, 6.478659152984619 ], [ 3.307024002075252, 6.477795124054069 ], [ 3.307363986968994, 6.479135036468506 ], [ 3.308568954467773, 6.482338905334529 ], [ 3.309529066085872, 6.484628200530949 ], [ 3.310319900512809, 6.490836143493652 ], [ 3.311290025711116, 6.49381494522089 ], [ 3.311794042587337, 6.496339797973746 ], [ 3.310458898544368, 6.499358177185002 ], [ 3.310039043426627, 6.501901149749813 ], [ 3.309636116027946, 6.505592823028508 ], [ 3.309663057327271, 6.507206916809139 ], [ 3.30878305435192, 6.509984970092887 ], [ 3.308597087860107, 6.512524127960319 ], [ 3.307960987091064, 6.5159912109375 ], [ 3.308687925338802, 6.518283843994197 ], [ 3.30897498130804, 6.521734237670955 ], [ 3.309710979461613, 6.524487972259578 ], [ 3.310667991638184, 6.526543140411491 ], [ 3.311448097229118, 6.528478145599422 ], [ 3.313925027847233, 6.528332233429069 ], [ 3.318537950515804, 6.528254985809383 ], [ 3.322480916977042, 6.529570102691594 ], [ 3.326647043228149, 6.530422210693359 ], [ 3.333811044693107, 6.531221866607666 ], [ 3.340271949768066, 6.531342983245963 ], [ 3.345597982406616, 6.53263521194458 ], [ 3.353466033935661, 6.534114837646541 ], [ 3.357266902923584, 6.534634113311881 ], [ 3.358514070510921, 6.532416820526237 ], [ 3.359857082366943, 6.529859066009578 ], [ 3.361675024032593, 6.52821588516241 ], [ 3.363899946212769, 6.523108959197941 ], [ 3.363817930221614, 6.518040180206413 ], [ 3.36282205581665, 6.513450145721436 ], [ 3.362262964248771, 6.507466793060303 ], [ 3.358405113220272, 6.497165203094539 ], [ 3.355540037155151, 6.491220951080379 ], [ 3.352914094924927, 6.485734939575195 ], [ 3.351052045822257, 6.482382774352971 ], [ 3.350785970687866, 6.482546806335506 ], [ 3.344582080841064, 6.484035015106258 ], [ 3.343647003173885, 6.483357906341666 ], [ 3.34317588806158, 6.482674121856803 ], [ 3.341979026794434, 6.47993278503418 ], [ 3.340568065643311, 6.478342056274471 ], [ 3.338913917541618, 6.475834846496696 ] ] ] } }
]
}
